咏雷,"平地一声雷，
惊醒梦中人。
梦幻全扫光，
人人能思维。"
咏雷 二,"雷声隆隆电光闪，
好似利剑破长天。
待到雨后红日出，
扫尽昏暗和愚顽。"
咏雷 二(2),"雷声隆隆电光闪，
好似利剑破长天。
待到雨后红日出，
扫尽阴霾和愚顽。"
咏雷 三,"一道电闪破天开，
一声雷鸣动地来。
一群人类梦里醒，
一批智商成英才。"
咏雷 四,"鹦鹉学舌实可哀，
照本宣科非人才。
春雷唤醒梦中人，
顶天立地站起来。"
咏雷 五,"不懂装懂不知耻，
人云亦云实可悲。
雷声唤醒梦中人，
希望人人能思维。"
咏雷 六,"白痴理论育白痴，
人人白痴无人知。
但愿春雷能唤醒，
人人不再做白痴。"
咏雷 七,"乌云滚滚生静电，
静电人人看不见。
待到静电放电时，
电闪雷鸣震宇寰。"
咏雷 八,"长长闪电似利剑，
刺破青天锷未残。
千军万马来天半，
雷霆万钧斗愚顽"
咏雷 九,"人云亦云随大流，
不懂装懂充人才。
春雷阵阵传真理，
人人梦里醒过来。"
咏雷 十,"电闪裂长空，
雷声震大地。
雨后复朝阳，
眼前新世纪。"
咏雷 十一,"黑云压城城欲摧，
电闪万道不顾身。
雷声隆隆战鼓擂，
雨过天晴气象新。"
咏雷 十二,"不懂装懂人不少，
人云亦云也很多。
何日春雷能震醒，
科技腾飞奏凯歌。"
咏雷 十三,"电光千丈，
雷霆万钧。
驱逐昏暗，
带来光明。"
咏雷 十四,"电光千丈裂长空，
雷霆万钧震寰宇。
驱逐昏暗不停蹄，
带来光明和真理。"
咏雷 十四(2),"电光千丈裂长空，
雷霆万钧震寰宇。
驱逐昏暗不停留，
带来光明和真理。"
咏雷 十四(3),"电光千丈裂长空，
雷霆万钧震寰宇。
驱逐昏暗和愚昧，
带来光明与真理。"
咏雷 十五,"雷氏理论出东方，
人人心里亮堂堂。
创新力行谋发展，
谱写人类新篇章。


雷氏理论：【用运动力创新理论取代经典力学】，【物体运动的根本原因】，【匀速运动，变速运动的运动理论】，【直线运动和曲线运动的运动理论】，【圆周运动的运动理论】，【声音的运动理论】；【宇宙揭秘】，【宇宙空间理论】，【宇宙物质理论】，【宇宙引力理论】，【宇宙运动力理论】，【宇宙天体公转理论】，【宇宙天体自传理论】，【宇宙天体演化理论】；【电子创新理论】，【电子定义理论】，【电子与物质的关系理论】，【电子电压理论】，【电子电流理论】，【电子，光子的转化理论】，【电子电磁力理论】，【电子引力理论】，【电子静电理论】，【电子静电放电理论】，【电子磁粒线理论】，【电子磁力线理论】，【发电机发电理论】，【电动机运动理论】，【电子，分子和物质的组合理论】，【原子弹爆炸理论】...............
希望大家慢慢看，认真理解，认真讨论。
谢谢。"
咏雷 十六,"电闪雷鸣，
暴风骤雨。
破旧立新，
伟业待举。"
咏雷 十七,"雷声震天响，
死人却不知。
白日尚做梦，
梦里笑嘻嘻。"
咏雷 十八,"群魔乱舞，
垂死挣扎。
一声春雷，
烟消影化。"
咏雷 十九,"人云亦云太伤悲，
几个真人能思维？
不惜粉身驱黑夜，
声声唤醒睡梦人。"
咏雷 二十,"电闪驱黑暗，
雷霆灭鬼神。
雾霾全扫光，
山河一遍新。


鬼神------牛鬼蛇神，瘟神，恶神，凶神，邪神。"
咏雷 二十（修改）,"电闪驱黑暗，
雷霆灭鬼神。
雾霾全扫光，
山河一片新。


鬼神------牛鬼蛇神，瘟神，恶神，凶神，邪神。
山河一片新-------电闪雷鸣，驱逐了乌云，没有了黑暗，没有了危害人类的鬼神，没有了遮天蔽日的雾霾，雨后天晴，晴空万里，空气清新，山河明媚，一片新气象。"
咏雷 二十一,"（这首诗，只是回敬那些无理取闹，专门辱骂我的人的。
请其他人不要多心。）


春雷震天响，
梦犬胆魂惊。
越惊越恐惧，
狂吠不消停。"
咏雷 二十二,"春雷一声响，
惹得群蛙噪。
蛙噪奈我何，
世界更美妙。"
咏雷 二十三,"错误教材应修改，
传统教育误人才。
雷池不敢越半步，
培养庸才和奴才。


所谓的传统教育：就是书上怎样写，教师就怎样教。教师怎样教，学生只能怎样做。代代相传，不能更改。"
咏雷 二十三(2),"错误教材应修改，
传统教育误人才。
雷声隆隆催人醒，
唤醒庸才和奴才。"
咏雷 二十四,"春雷春风春雨，
夏日勃勃生机。
秋收累累硕果，
冬有积谷防饥。"
咏雷 二十五,"真理在手何所惧，
心底无私天地宽。
纸虎画皮层层揭，
春雷声声醒愚顽。"
咏雷 二十六,"雷公云中吼，
傻子瑟瑟抖。
不识运动力，
枉来人间走。"
咏雷 二十八,"雷家绍武力无边， 

神言力学超前沿。 

大肆鼓吹运动力， 

智慧纷飞风云间。 

民心久塞苦叹息， 

科盲跋扈训导难。 

必将真理传天下， 

胜利目标在眼前。"
咏雷 二十八(2),"雷氏理论惹狗烦，
神言运动力空前。
大篇宏文惊时俗，
智慧纷飞四海间。
民意久塞唯叹气，
科盲跋扈醒来难。
必将真理传天下，
胜利高歌凯旋还。"
咏雷 二十九,"答幸运的疯不觉《咏雷》


雷师天生非圣人，
惹得小人瞎胡喷。
愚昧不识运动力，
没有脑子欠思维。"
咏雷 三十,"一
传统理论，
理论传统。
百年不变，

已成古董。


二
古董传承，
传承古董。
代代相传，
人人古董。


三
科学发展，
日异月新。
传统不变，
可叹可悲。


四
《电子理论》，
革故鼎新。
静电放电，
电闪雷鸣。


五
《运动力学》，
春雷滚滚。
不能醒悟，
唯有死人。"
咏雷 三十一,"答H云淡风清Z咏雷 三十一

贴吧封侯雷绍武，
咏雷成诗传千古。
弱傻不识运动力，
烂泥也想来玷污。"
咏雷 三十二,"答H云淡风清Z咏雷 三十一


雷霆万钧震环宇，
惊天动地吓死人。
只有傻瓜才胡说：
雷声不及叫驴声。"
咏雷 三十二(2),"答H云淡风清Z咏雷 三十二


雷霆万钧震环宇，
惊天动地最骇人。
只有傻瓜才胡说：
雷声不及叫驴声。"
咏雷 三十三,"答H云淡风清Z咏雷 三十三

从头到尾傻气，
装猴扮**人。
无理取闹小丑，
驴叫欲盖雷神？"
咏雷 三十四,"雷电风浪起，
稳坐钓鱼台。
乌龟王八多，
一样钓起来·。"
咏雷 三十五,"忽见电光闪，
惊雷已来到。
雷霆力万钧，
何惧疯狗叫。"
咏雷 四十,"真知灼见运动力，
教授专家尚不知。
待到春雷唤醒时，
全球一片新天地。"
咏雷 五十  电闪雷鸣后,"乌云遮满天，
黑云压大地。
电闪雷鸣后，
环球有生气。"
咏雷 五十一  革故鼎新,"破除迷信，
雷霆万钧。
科学发展，
革故鼎新。"
咏雷 五十一(2) 革故鼎新,"雷霆万钧，
破除迷信。
科学发展，
革故鼎新。"
咏雷 五十二《十六字令》雷,"雷，
狂犬凶凶吠雷霆。
雷公怒，
狂犬尸无存。"
咏雷 五十三  新《十六字令》雷,"雷，
阵阵春雷显神威。
雷声过，
人人能思维。"
咏雷 五十四 新《十六字令》雷,"雷，
霹雳声声战鼓擂。
除愚昧，
环球尽朝晖。"
咏雷 五十五 新《十六字令》雷,"雷，
动地惊天发了威。
驱邪恶，
真理又回归。"
咏雷 五十六 回H云淡风清Z,"新《十六字令》雷

雷，
报春何惧群狗吠。
红日出，
狂犬化成灰。"
咏雷 五十七   春雷滚滚,"春雷滚滚，
万物复兴。
风调雨顺，
五谷丰登。"
咏雷 五十八   专待春雷惊梦回,"作者     木叶蝶99


庐中先生独幽雅，
寄情诗词并书画。
专待春雷惊梦回，
一声长啸安天下。"
咏雷 五十九,"作者     多项式之父


雷远音渐稀，
电近闪地皮。
要懂运动事，
惟有运动力。"
咏雷 六十    八声甘州·赞雷老师,"作者     木叶蝶99:
叹雷神暮年已白头，壮志虽未酬。然老骥伏枥，志在千里，雄心难收。俯仰无愧天地，褒贬有春秋。开创运动力，万古东流。
不忍民心久塞，凭真理在手，挥斥方遒。并书画双绝，白衣傲王侯。纵平生一蓑烟雨，又几回，湖海泛轻舟。回望眼，千重豪气，尽入一眸。"
咏雷 六十一,"作者     一哥哲学: 
 :云磨声声战鼓擂，
七尺童心天助威，
不杀环宇通宵响，
望梦难成我不归！"
咏雷 六十二,"作者    kaisumi3


清空一声响，
千里皆振荡；
开天又辟地，
万物复苏忙。"
咏雷 六十三,"修改17楼作者rzfc:诗


平地一声雷，
不知惊醒谁。
天生聋昧者，
岂能有思维。


附作者原诗：
平地一声雷，不知惊醒谁。
天生聋昧者，一枕梦甜黑"
咏雷 六十四,"修改54楼作者用户名feifa诗


雷氏有绍武，
天生知识富。
尔等不思考，
枉自把书读。


作者用户名feifa原诗：
雷氏有绍武，
天生知识富。
尔等众官科，
枉自把书读。"
咏雷 六十五,"修改141楼作者rzfc

雷，
声震宇内舍我谁。
回首望，
满目尽朝晖。


附作者原诗;
雷，
声震宇内舍我谁。
回首望，
满目尽劫灰。"
咏雷 六十六,"作者    青衫湿7


桑田尚阑珊，德泽布朝晖。
春雷燎荒秽，火染山更青。
献丑了
本诗借春雷引燃去年枯草，一茬新绿从肥沃灰烬中复现喻万事不破不立，雷老师批判旧思维，使求真的光芒于学术专制下艰难复苏，植根于黎民百姓心中……"
咏雷 六十七,"修改181楼青衫湿7诗


云卷雷复响，
铮铮寰宇惊。
天开又辟地，
喝醒梦中人。


附作者原诗：
云卷雷复响
天开地又辟
铮铮寰宇惊
喝醒梦中人"
咏雷 六十八,"作者    米兰的小铁匠


雷令剑龙知去未，
神道发生敷九稼。
威雄八阵役风雷，
武陵川径入幽遐。"
咏雷 六十九,"作者   
花不落叶落


平地一声雷，
绍武施神威。
官科弱思考，
大智唯雷神。"
咏雷 七十  夜尽天明,"作者  kannycat1


相对积分害人苦，
自相矛盾不修补。
现代物理已尽头，
未来全靠雷绍武。"
咏雷 七十一,"作者   南亳腕襄邑


能使妖魔膽盡摧，
身如束帛氣如雷。
一聲震得人方恐，
囬首相看已化灰。"
咏雷 七十二,"作者    问啥哪
平地一声雷，
惊的鸟乱飞，
为何人不动？
原是死人堆。"
咏雷 七十三,"作者    火焰不死鸟


雷声阵阵雨倾盆，
乌云蔽日欲摧城。
只闻霹雳惊天地，
不觉夕阳已黄昏。"
咏雷 七十四,"作者    崔立同志


雷声平地起，
绍带唤人思。
武文不梦幻，
说力有妙奇。



修改了一个字，“醒”换成“人”。"
咏雷 七十五,"修改 361楼 幸运的疯不觉诗


雷师天生即圣人，
无知科盲瞎胡喷。
弱智不认运动力，
劝君莫做两种人。



附作者原诗：
咏雷
雷师天生即圣人
**官科瞎胡喷
死活不认运动力
妈的要说真气人"
咏雷 七十六,"犄角旮旯闻惊雷，
人和动物谁不惊？
醒看世界美如画，
唯有死人惊不醒。"
咏雷 七十七,"修改433楼六波罗探题诗


雷公威武谁不知，
一声巨响震天地。
官科不识运动力，
错把教材当真理。



附作者原诗：
雷公威武谁不知
一声巨响震牛顿
官科不识运动力
只把教材当真神"
咏雷 七十八,"修改423楼雨山空99诗


 梦中一声雷，
惊醒梦中人。
弱智全扫光，
人人有思维。


附作者原诗：

梦中一声雷，
惊问我是谁，
**全扫光，
阳光照轮回"
咏雷 七十九,"雷氏真理能胜天，
小人无理来纠缠。
如若不信运动力，
科技倒退五千年。"
咏雷 八十,"不识雷氏有真理，
小人围攻盖天地。
历史车轮永向前，
螳臂挡车谈何易！"
咏雷 八十一,"历史车轮确向前，
雷氏理论是真言。
创新理论勇气大，
愚昧人群反击难。"
咏雷 八十二,"修改474楼工藤欣熠诗


雷公绍武智无边，
创新科学最前沿。
脑力惊人计算猛，
科奴愚昧死一边。


附作者原诗：

雷公绍武智无边，
神威创造科学巅。
脑力惊人计算猛，
残废科奴死一边。"
咏雷 八十三,"回469楼


雷公绍武智无边，
神威创造科学巅。
伟力惊人计算猛，
大批科奴死一边。


附作者原诗
雷公绍武智无边，
神威创造科学巅。
脑力惊人计算猛，
残废科奴死一边。"
咏雷 八十四,"回677楼


雷动五洲地，
神觉真理起。
伟人不信书，
大道出自己。"
咏雷 八十五,"回478楼诗

雷神威猛为天尊，
凡人皆拜崇为神。
今有绍武运动力，
不懂都是两种人。"
咏雷 八十六,"回472楼，


雷氏定义是真理，
不学无术难认知。
抱残守缺绊脚石，
蠢驴岂识运动力？"
咏雷 八十七,"回508楼《清平乐》

雷氏有脑，
智力特超高，
创新理论真不少，
处处认真思考。

无知小人唠叨，
不懂装懂狂飙，
脸厚纠缠不休，
愚顽无法治疗。"
咏雷 八十八,"回答504楼《清平乐》


雷神虽老，
晚节更辉煌，
自创理论实不少，
处处证据可考。

忽遇弱智围攻，
冷静横扫从容，
胸有无敌真理，
岂怕苍蝇嗡嗡。"
咏雷 八十九,"回509楼西江月


今有雷神绍武，
腹内装满诗书，
自创理论发百度，
真理能传千古。


整天舌战腐儒，
气吞万里如虎，
破旧立新狂飙落，
螳臂能把车阻？"
咏雷 九十,"回511楼，卜算子

贴吧众民科，
雷氏第一号。
运动理论存真理，
不识太可笑。
无需微积分，
不必开根号。
大道至简人人懂，
光芒高万丈。"
咏雷 九十二,"回复520楼


牛顿定律传歪理，
人云亦云尚未休，
尔曹身与名俱灭，
雷氏理论万古流！"
咏雷 九十三《一半儿》,"运动力真理无敌，
路远山高不用急。
人类智商难统一。
春雷起，
一半儿醒悟一半儿晰。


晰：明白，清楚。"
咏雷 九十四,"雷氏有真知，
开创运动力。
唤醒众人类，
不倦传真理。"
咏雷 九十五《十六字令》,"雷，
辟地开天显神威。
谁阻挡，
必将化成灰。"
咏雷 九十七《十六字令》,"雷，
万马千军战鼓擂。
除旧恶，
无坚不可摧。"
咏雷 九十八《十六字令》,"雷，
个个争先有作为。
开新篇，
环宇尽光辉。"
咏雷 九十九,"大雷雨
隆隆雷声响，
闪闪火龙飞。
呼呼狂风起，
哗哗雨倾盆。"
咏雷 一百,"春雷一声响，
万物复苏忙。
陈腐化泥土，
一派新景象。"
咏雷 一〇一,"雷电交加，
暴雨倾盆。
涤污荡垢，
除旧布新。"
咏雷 一〇二,"春雷醒大地，
夏荷满塘开。
秋实五谷丰，
冬梅暗香来。"
咏雷 一〇三,"字谜



江山如此美，
田上雨滋润。
丝竹召知音，
止戈享太平。"
咏雷 一〇四,"字谜


青青田上雨纷纷，
声声丝竹召阳春。
人人止戈化玉帛，
个个女子不思归。"
咏雷 一〇五《满江红》,"作者   银海柔光透冰河:


动力学说，
平牛顿，
锋芒始露。
公转律，
量级精准，
略无失处。
灭尽数轴无理数，
微分计算玄虚误。
大道行，
必至简而真，
无繁复。

探光电，
析雨雾，
凶逆迫，
科奴妒。
叹贼人似雨、
质低高速。
若引力强吸并起，
一砸致命生无术。
望潇潇，
浅笑入吧中，
余生度。"
咏雷 一〇六《破阵子》,"作者   青衫湿7


笔落龙蛇惊颤，
墨溅星河胆寒。
无涯学海终勘遍，
谬义尽扫家国靖。
浩气慢光阴。

平生性情随率，
呕心指点迷津。
荡平朝政乖戾日，
仰天长笑看黄泉。
身殒但留芳。"
咏雷 一〇七《卜算子》赠@雷绍武  老师。,"作者    银海柔光透冰河:


冷雨挂残枝，
墨掩冰轮影。
天降神雷裂铁云，
浅水伏龙醒。
惊转却逢君，
夜半初归静。
久念求真爱慧心，
纵死从卿定。"
咏雷 一〇八《卜算子》 答银海君,"春雷震大地，
冰雪消无影。
天降狂飙扫残云，
万物复苏醒。
今日喜逢君，
树静风不静。
与君携手求真理，
目标从今定。"
咏雷 一〇九离骚版,"（经雷老师授权，对《咏雷》系列修改）
作者    无知无味58
雷声隆电光闪兮，好似利剑破长天。
待雨后红日出兮，扫尽阴霾和愚顽。 
雷电闪破天开兮，一声雷鸣动地来。
全人类梦里醒兮，一批智商成英才。
鹦鹉学舌可哀兮，照本宣科非人才。
春雷唤醒人梦兮，顶天立地站起来。
不懂装懂知耻兮，人云亦云实可悲。
雷声唤醒梦人兮，希望人人能思维。 
白痴理论育痴兮，人人白痴无人知。
愿春雷能唤醒兮，人人不再做白痴。 
乌云滚滚生电兮，静电人人看不见。
待到静电放电兮，电闪雷鸣震宇寰。
长闪电似利剑兮，刺破青天锷未残。
千军万马天半兮，雷霆万钧斗愚顽 
人云亦云浊流兮，不懂装懂充人才。
春雷阵传真理兮，人人梦里醒过来。

整理者按：原文“白痴”被百度屏蔽。参见咏雷 六。"
咏雷 一一〇,"答H云淡风清Z722楼《满江红》

物理常识，牛顿错，全凭绍武。
古韵律，革新文化，无需泥古。
运动力理论创新，破除一切陈和腐。
真理在，吧友誉雷神，小人妒。

声光电，根源述。诗书礼，有基础。
为求真至简，不辞辛苦。
公转自转没误差，航天速度准无误。
宇宙中，物体运动力，全清楚。"
咏雷 一一一,"井研雷氏家，
九子十翰林。
庭院今犹在，
恢宏且崔巍。


清朝乾隆年间，井研千佛镇雷氏家族出了九子十个翰林。其中一位是女胥。
因为不愿意贿赂和珅，纷纷受到和珅迫害，个个暴毙狱中，家被抄，田被收，从此衰败了。"
咏雷 一一二,"泰山顶上一青松，
巍然屹立看苍穹。
雷霆电闪常做伴，
岂怕东西南北风？"
咏雷 一一三,"电闪雷霆常做伴


凌云山上不老松，
铁骨铮铮傲苍穹。
电闪雷霆常做伴，
乐在天涯战恶风。"
咏雷 一一四,"明明白白待春雷


昏昏沉沉大世界。
懵懵懂懂众人类。
糊糊涂涂过日子，
明明白白待春雷。"
咏雷 一一五,"回746楼江大孟姐


春雷声声震天响，
古稀老人创新忙。
大道至简人人懂，
笑看牛顿来缴枪。"
咏雷 一一六,"回复 H云淡风清Z :


 堂堂雷邵武， 
七二老学究。
天阙任我闯，
惹狗吠日头。"
咏雷 一一七,"回复750楼


雷鸣电闪绍武生，
声声唤醒沉睡人。
愚人不识运动力，
眼前重开真理门。"
咏雷 一一八,"回H云淡风清Z:
 
雷鸣绍武生，
除 鬼净天庭。
 利剑经过处， 
无处不光明。"
咏雷 一一八（修改）,"回H云淡风清Z:

雷鸣绍武生，
除鬼净天庭。
闪电经由处， 
环球得太平。"
咏雷 一一九,"回悬空


雷霆万钧扫阴霾，
老树逢春花又开。
师徒空山描丹青，
好景怡人入画来。


附悬空诗：
雷霆万钧扫阴霾
老树逢春繁花开
师徒空山描丹青
好景怡人不常在"
咏雷 一二〇,"明明白白来做人。


浑浑噩噩度光阴，
糊糊涂涂理不明。
轰轰烈烈春雷起，
明明白白来做人。"
咏雷 一二一,"改766楼诗：


雷声惊蛰鸟兽奔
似神劈开三月春
桑农是以此为信
赶忙叫爹田下耕"
咏雷 一二二,"人不如雷遭嫉妒，
雷不如人享太平。
但愿人人胜过雷，
科学发展日日新。"
咏雷 一二三,"春雷阵阵奏凯歌


创新先驱古今少，
守旧痴人历来多。
待到人人能醒悟，
春雷阵阵奏凯歌。"
咏雷 一二三(2),"七绝    春雷阵阵奏新歌


 创新先驱从来少，
守旧痴人特别多。
待到人人能醒悟，
春雷阵阵奏新歌。"
咏雷 一二四,"作者  阿shen12345


 静心不思维，
侧耳只听雷，
 一声紧一声，
一雷接一雷。"
咏雷 一二五,"电闪挥利剑，
雷鸣动天地。
人间害人虫，
个个遭雷劈！"
咏雷 一二六,"人人尽孝道，
为国能尽忠。
不孝不忠人，
天打五雷轰！"
咏雷 一二七,"传统理论虽过时，
不懂装懂传歪理。
个个只配做奴才，
不许有人越雷池。"
咏雷 一二八,"什么叫传统，
一代传一代。
无论对与错，
雷打不更改。"
咏雷 一二九,"科学发展，
日异月新。
破旧传统，
雷厉风行。"
咏雷 一三〇,"改dol诗
天上一声雷，
惊醒糊涂人。
错误全扫光，
人人添精神。


附dol原诗：
天上一声雷，
惊醒两种人，
错误全扫光，
人人说谢谢"
咏雷 一三一,"春雷年年有，
年年雷不同。
生物都唤醒，
欣欣奔向荣。"
咏雷 一三二,"作者 妙隐沧桑
叹雷

那是一道怎样的雷啊
它从太虚里来
宛如盘古开辟混沌一样驱散了人类心中的迷惘
从此，运动力体系深驻人们心中
真理的殿堂为人类永远敞开
知识的灯火照亮了万古长夜
雷老师，从此以后，有正义的公理为你加冕
咏雷百篇，雷老师文采腾蛟起凤
题字几许，雷老师书法行云流水
画作一副，雷老师画技冠绝古今
左手运动力，寥寥数语揭真理
右手两种人，唤不醒时莫强求
三江方士烂级数，跳梁小丑
平阳睡狮郭峰君，笑里藏刀
米用居士与井田，更是无用
谁敢横刀立马？唯我大道至简
积分约D皆学问，一秒平方即文章
自转周期五百万，上抛一秒就停下
只有运动才有力，弄不明白太差劲
只愿借着运动力，一骑绝尘飞天去
先有雷老后有天，运动体系日神仙
只恨不与生同时，牛爱观之应颤抖
天不生我雷老师，文明万古如长夜
若你尚存智慧心，入我雷教且钻营
终有一日道在手，造福人类无穷尽！"
咏雷 一三三,"稍作修改妙隐沧桑《叹雷》：
叹雷
那是一道怎样的雷啊
它从太虚里来
宛如盘古开辟混沌一样驱散了人类心中的迷惘
从此，运动力体系深驻人们心中
真理的殿堂为人类永远敞开
知识的灯火照亮了万古长夜
雷老师，从此以后，有正义的公理为你加冕
咏雷百篇，雷老师文采腾蛟起凤
题字几许，雷老师书法行云流水
画作一副，雷老师画技冠绝古今
左手运动力，寥寥数语揭真理
右手两种人，唤不醒时莫强求
三江方士烂级数，跳梁小丑
平阳睡狮郭峰君，笑里藏刀
米用居士与井田，更是无用
谁敢横刀立马？唯我大道至简
积分约D皆学问，一秒平方即文章
自转周期无误，上抛一秒就停下
只有运动才有力，弄不明白太差劲
只愿借着运动力，一骑绝尘飞天去
先有雷老后有天，运动体系赛神仙
只恨不与生同时，牛爱观之应颤抖
天不生我雷老师，文明万古如长夜
若你尚存智慧心，雷氏理论细钻营
终有一日道在手，造福人类无穷尽！"
咏雷 一三四,"作者 妙隐沧桑

再为雷老师和诗一首
南乡子·运动力小成有怀
何处学民科？入我雷教是正统。百度贴吧谁话事？绍武。无数官科被狠秀。
运动力在手，坐断民科是领袖。天下英雄谁敌手？没有。千秋万载雷依旧。"
咏雷 一三五,"作者 银海柔光透冰河:
 简单修改妙隐沧桑版 
民科何所属？唯有运力最靠谱。百度贴吧谁做主？绍武。无数官科被屠戮。 运动力在手，坐断民科是领袖。天下英雄谁敌手？没有。千秋万载雷依旧。"
咏雷 一三六,"临江仙 咏雷
作者    木叶蝶99:
忆昔午桥桥上饮，座中多是豪英。绍武一出鬼神惊，科奴皆束手，世间真理明。
生平未曾逢一败，谈笑挥洒纵横。青梅煮酒论英雄，古今多少事，一梦我全能。"
咏雷 一三七,"任凭群蛙噪，
春雷照样响。
面对两种人，
何必起烦恼！"
咏雷 一三九,"不懂装懂尽蠢才，
万马齐喑究可哀。
雷氏理论传真理。
无边春雷滚滚来。"
咏雷 一四〇,"电光一道破天门，
雷霆万钧驱鬼神。
云开雾散终有时，
喜看朗朗新乾坤。"
咏雷 一四〇(2),"电光一道破天门，
雷霆万钧驱鬼神。
待到云开雾散尽，
喜看朗朗新乾坤。"
咏雷 一四一,"一道电剑破天门，
万钧雷霆驱鬼神。
芸芸众生快觉醒，
创新路上勤攀登。"
咏雷 一四二,"作者      运动力雷教授
 
真理峰上多岔路，
唯有雷公全不怵。
坡颠路转走最高，
小人心中怒火烧。
化作群魔胡乱舞，
怎奈雷公全不顾。
真理在手何所惧，
任你小人骂不住。
心底无私天地宽，
小人必定入坟棺。
我自横刀问青天，
霹雳一声惊人间。"
咏雷 一四三,"西江月 赠与科学宗师雷老师
作者    凯撒十六世

雷神天下第一，
独创运动之力。
莫为两种人生气，
老年人不容易。
他日您又思奇，
再创新的体系。
凡人不将辱您忆，
大众捧您才艺。"
咏雷 一四四,"信雷神

作者        希望GJBM


雷神好，
永远不会错。
独创伟大运动力，
不惧大战两种人。
能不信雷神？"
咏雷 一四五,"作者    白叶若羽


雷神好，
理论真不少，
独创运力确实棒，
运动一秒是一秒，
永远不会老。


说明：有一点点修改。"
咏雷 一四六,"作者    20首席


雷神好，
真理更美妙！
独创伟大运动力，
无私无畏哺育人！
能不信雷神？"
咏雷 一四七,"作者     上帝掷色子吗


 雷神好，
真呀真滴好。
开天辟地运动力，
不明白是两种人。
能不信雷神？


说明：有一点点修改。"
咏雷 一四八,"惊雷一声破天门，
利剑万丈斩鬼神。
芸芸众生快觉醒，
创新之路更光明。"
咏雷 一四九,"念奴娇   运动力

横空出世，
运动力，带来一片春色。
牛顿力学非真理，
误导后人难彻。
以讹传讹，
照本宣科，哪个真明白。
百年功罪，谁人曾与评说？

而今运动理论：开写新篇，
真理太难得。
安得春雷唤人醒，
人人心里都明白。
宇宙万物，
没运动力，一切将停歇。
科学世界，环球愚昧尽绝。"
咏雷 一四九(2),"念奴娇 运动力

横空出世，
运动力，带来一片春色。
牛顿力学非真理，
误导后人难彻。
以讹传讹，
照本宣科，哪个真明白。
百年功罪，谁人曾与评说？

而今运动理论：开写新篇，
真理太难得。
安得春雷唤人醒，
人人都能明白。
宇宙万物，
没运动力，一切将停歇。
科学世界，扫尽环球愚昧。"
咏雷 一五〇,"咏雷·无极
作者  G开心宝贝1


夫银蛇火华，极天而来，焚之暗夜，遍撒震悚之音。
源鸿蒙，解混沌，清分天地。
夫牛鬼蛇神，见之齑粉，阴邪俱灭，劲扬天庭神威。
发生机，养大地，万物郁青。
能使蛟龙潜坎，威压精怪隐坤。"
咏雷 一五一,"借改毛主席《满江红》


小小寰球，有几个苍蝇碰壁。
嗡嗡叫，几声凄厉，几声抽泣。
螳臂当车不自量，蚍蜉撼树谈何易。
看历史车轮永向前，飞奔急。

《运动力》，传真理；
大宇宙，全揭秘。
匀加速运动，按路程计。
创新电子理论出，五洲震荡风雷激。
要扫除错误旧传统，全无敌。


注：
大宇宙，全揭秘。指《宇宙揭秘》理论。
匀加速运动，按路程计。指匀加速运动，每一秒依次增加的路程相同。"
咏雷 一五二,"传统理论愚，
世人皆迷茫
幸得一声雷，
心里始亮堂。"
咏雷 一五三,"改作者 觅miao敖咏雷


雷公咏雷诗百篇，
运动力学创前沿。
两类之人不明白，
螳臂当车难上难。"
咏雷 一五四,"黑云压城城欲摧，
雷电交加出雷霆。
闪电劈出新世界，
暴雨洗尽万里尘。"
咏雷 一五四(2),"黑云压城城欲摧，
雷电交加出天霆。
利剑劈开新世界，
暴雨洗尽万里尘。"
咏雷 一五五,"改kaisumi3诗: 
晴空霹雳，
雷鸣出场。
山河震荡，
复苏正忙。"
咏雷 一五六,"电闪灯光秀，
雷霆战鼓鸣。
凤声暴雨声，
悦目更赏心。"
咏雷 一五七,"狗咬老鹰差天远，
狂犬吠雷亦枉然。
春雷阵阵震天响，
雷霆万钧醒愚顽。"
咏雷 一五七(2),"狗咬老鹰差天远，
狂犬吠雷亦枉然。
春雷滚滚震天响，
雷霆万钧醒愚顽。"
咏雷 一五八,"心底无私天地宽，
真理在手何所惧。
群魔乱舞混沌中，
雷霆万钧战顽敌。"
咏雷 一五九,"狗咬老鹰差天远，
狂犬吠雷太枉然。
春雷滚滚来天半，
雷霆万钧战愚顽。"
咏雷 一六〇,"千军万马出雷霆，
魑魅魍魉鬼神惊。
任凭魔鬼高千丈，
霹雳一声化成灰！"
咏雷 一六一,"电光布景，
雷鸣乐器。
优哉游哉，
歌以咏志。"
咏雷 一六二,"于无声处听惊雷，
道是无声胜有声。
敢同魔鬼争高下，
不与小人论是非。"
咏雷 一六三,"振兴中华，
无梦不能。
雷厉风行，
一梦全能!"
咏雷 一六四,"作者    xkdkd8


民科井田皆沉寂，
唯有绍武问青天。
我劝雷公重抖擞，
重研运力书新篇。"
咏雷 一六五,"回那些无理取闹，围攻谩骂者


春雷滚滚震天响，
带来希望和曙光。
愚昧人群被唤醒，
岂怕野狗汪汪汪。"
咏雷 一六七,"回那些无理取闹，围攻谩骂者

春雷滚滚震天响，
黑夜沉沉无曙光。
昏睡人群难唤醒，
只闻野狗汪汪汪。"
咏雷 一六八,"如雷贯耳真理，
无奈找错对象。
猪一样的愚昧，
狗一般的疯狂。
随波逐流太平，
创新理论遭殃。
世道原来如此，
呜呼哀哉忧伤！"
咏雷 一六九,"改剑随心指西江月·咏雷

雷提出运动力
野狗围攻猖獗
两种人愚昧路拦
无知无赖无德
真理永不言退
黑暗必将消灭
乐山自有奇人出
大佛光芒四射"
咏雷 一七〇,"改春小树:西江月·咏雷

雷公惊天动地
神算出运动力
睿智书生全服气
智冠古今第一

笑看岷江东去
观望家乡故地
乐将余生献科技
山永恒运动力"
咏雷 一七一,"真理如雷电，

妖魔无处逃。
疯狗狂吠死，
我自乐逍遥。"
咏雷 一七二,"科学探索，
百花齐放。
探索科学，
百家争鸣。
科学发展，
不断创新。
发展科学，
雷厉风行。"
咏雷 一七三,"西江月·咏雷
作者      海城关永刚
运动力学真理，
电子创新科学。
众犬围吠喧嚣哗，
雷神只投轻蔑。
奈何官科死板，
怎许民科差别？
默默耕耘寒窗苦，
改正认知应谢。"
咏雷 一七四,"白痴理论育白痴，
人人白痴无人识。
春雷唤醒愚昧人，
个个不再做白痴。

整理者按：原文“白痴”被百度屏蔽，雷老师后改为“白吃”。"
咏雷 一七四(2),"白吃理论育白吃，
人人白吃无人识。
春雷唤醒愚昧人，
个个不再做白吃。"
咏雷 一七五,"作者    海城关永刚
耕耘十余载，只为报国才。
人向名利去，理从苦寒来。
欲使天下懂，却叫恶犬排！
意当效雷神，不应被没埋！"
咏雷 一七六,"作者 海城关永刚
雷氏力学充耳闻，一语能醒天下人。
乐山奇人有真理，四川绿水长英魂。
无力不动混不懂，人云亦云装高人。
天易讲理人不易，老泪纵横总伤身。
雷神已老狗不老，却在背后吠无门。
应效雷神能自举，能让天下叫雷神！"
咏雷 一七七,"作者 海城关永刚

一生肝胆英雄气，单刀匹马闯官门。
牛顿无知咸诈懂，斯坦弄虚亨不闻。
科奴横行苟于世，雷神通理清自身。
任凭恶犬狂咬吠，定为天下辩三分！"
咏雷 一七八,"小改（给那些围攻谩骂雷老师的疯狗画像）
作者 海城关永刚


一副奴才相，却显疯狗狂！
看见雷老师，吠声不绝长。"
咏雷 一七九,"（给那些围攻谩骂雷老师的疯狗画像）
作者 海城关永刚
颇有奴前相，却显疯中狂！
雷老走一路，疯狗吠声长。"
咏雷 一八〇,"霹雳一声出雷霆，
顶天立地一个人。
一身正气无所惧，
妖魔也要怕十分。"
咏雷 一八一,"改海城关永刚满江红·咏雷绍武


世人皆昏，
随大流，
穷途末路。
运动力，
开创新篇，
科奴轻蔑！
风霜雪雨尝辛苦，
理论大山今当越。
创前沿！
人生有所求，
不松懈。

真理在，
坚如铁。
电子论，
不可灭。
需创新，
不能废食因噎！
喜看乐山雷绍武，
开创物理新天地！
看明天，
清世间愚拙，
成大业！"
咏雷 一八二,"改雷绍武满江红·咏雷绍武
作者      海城关永刚
抬眼望天，皆庸雀，何时能歇。运动力，又创新篇，却遭轻蔑！谁尝风雨不辞苦，路见高山翻身越。创前沿！人生有所求，不松懈。
真理在，坚如铁，电子论，不可灭！要创新，怎能废食因噎？欣闻乐山雷绍武，能使物理开新界！待明日，清世间愚拙，成大业！"
咏雷 一八三,"改满江红为破阵子
作者    海城关永刚
抬眼望天庸雀，回首落笔新篇。风雪兼程不辞苦，山河俱越何惧蔑。探索不可歇。
科奴横行造次，真理在手如铁。电子论并运动学，雷绍武出乐山岳。敢教人间惊。"
咏雷 一八四,"回木野蝶


没有爹妈教养，
早就脱离人类。
真理如雷贯耳
岂怕疯狗狂吠！"
咏雷 一八六,"不懂装懂可耻，
人云亦云可悲。
如雷贯耳真理，
何时大放光明？"
咏雷 一八七,"回击那些狂吠不停的野狗
雷霆本万钧，
天高任我逛。
虽遭野狗吠，
我自乐逍遥！"
咏雷 一八八,"作者     海城关永刚
前路定有科奴堵。
运动力学是真主！
若问奇学谁所创，
四川乐山雷绍武。"
咏雷 一八九,"作者 海城关永刚
空山万钧雷，
绍武有思维。
科奴引退散，
运动力学魁！"
咏雷 一九〇,"小改 海城关永刚诗
空山万钧雷，
绍武有思维。
科奴瑟瑟抖，
运动力学魁！"
咏雷 一九一,"作者    海城关永刚
世间自有真理在，
运动力学信手来。
雷氏一言真名世，
定叫后人学明白。"
咏雷 一九二,"作者 海城关永刚
改武圣雷神为卜算子
冲阵匹马刀，恶犬长嘶叫。
牛顿无知咸诈懂，却让科奴效。
真理自清高，知者定觉妙。
乐山绍武号雷神，肝胆自相照。"
咏雷 一九三,"作者 海城关永刚
改卜算子为五律
雷氏有绍武，智者自清高。
运力为坚甲，电子做长刀。
冲阵斩恶犬，摇旗退官僚。
一骑绝尘去，唯留赞声滔。"
咏雷 一九四,"作者 海城关永刚
赞雷老师受官科邀请
运动力学雷神著，惊醒世人扫污浊。
安知无力不运动？均非有理能辩驳。
狂吠乱咬丧门犬，死缠烂打没牙蛇。
而今雷神翻身去，官科跪舔上讲桌！"
咏雷 一九五,"作者 海城关永刚
回雷，七律
官科霸路怎可拦，
运动力学创新篇。
自古圣贤似水澈，
而今猪狗胜胶粘。
回身避见科奴鼠，
闭耳不闻官妄蝉。
绍武隐忍能如此，
小人亦趋总相谗。"
咏雷 一九六,"作者 海城关永刚
改咏雷 一八七

雷霆本万钧，
云深任我狂。
谁管野狗吠？
雷响自名扬。"
咏雷 一九七,"小改 海城关永刚
回雷，七律

运动力学创新篇，
科奴霸路忙阻拦。
自古圣贤似水澈，
而今猪狗胜胶粘。
回首鄙视奴才辈，
充耳不闻小人谗。
绍武隐忍能如此，
围攻谩骂亦枉然。"
咏雷 一九七(2),"小改 海城关永刚
回雷，七律

运动力学创新篇，
科奴霸路忙阻拦。
自古圣贤似水澈，
而今猪狗胜胶粘。
回首鄙夷奴才谤，
充耳不闻小人谗。
绍武隐忍能如此，
围攻谩骂亦枉然。"
咏雷 一九八,"作者   樊伟，西坡
 沙卷功名轶群雷
 雕心育人济世神。
 智解造化本源处，
 障眼功名不入心。"
咏雷 一九九,"小改狗道太爷爷咏雷

雷电交加夜
绍武出世时
武统少林寺
智胜诺奖主
力拔垂杨柳
太怒已自威
正如运动力
常胜牛顿学"
咏雷 二〇〇,"作者    海城关永刚
改狗道太爷爷咏雷 

电闪雷鸣夜，
乐山绍武出 。
文盖太学生，
武统少林徒 。
胡杨忌余力，
诺奖畏其朴 。
正如运动力 ，
牛爱也服输。"
咏雷 二〇一,"改作者 樊伟，西坡诗


万卷功名轶群雷
匠心育人济世神。
智解造化本源处，
满眼功名不入心。"
咏雷 二〇二,"春雷春风春雨，
传播人类真理。
有理有据有节，
世界文明惊喜。"
咏雷 二〇三,"回复那些蠢猪疯狗的
雷霆万钧传真理，
守旧势力围攻急。
愚蠢如猪真可笑，
疯狂似狗太卑鄙！"
咏雷 二〇四,"昏昏沉沉大世界，
糊糊涂涂一群人。
懵懵懂懂过日子，
惊天霹雳也不闻。"
咏雷 二〇四(2),"昏昏沉沉大世界，
糊糊涂涂小群人。
懵懵懂懂过日子，
惊天霹雳也不闻。"
咏雷 二〇五,"手握真理出雷霆，
所向披靡鬼神惊。
敢同权威争高下，
不向错误让半分。"
咏雷 二〇六,"作者    海城关永刚


昏昏沉沉科学界
懵懵懂懂普通人
单刀赴会雷绍武
平地惊雷装糊涂。"
咏雷 二〇七,"春雷滚滚震山川，
人间天天换新颜。
任凭野狗疯狂叫，
我自高歌永向前！"
咏雷 二〇八,"作者   海城关永刚  
咏雷三〇〇


云起乾坤动
雷打天地惊
运力并电子
科学能振兴！"
咏雷 二〇九,"作者 海城关永刚 
古今中外把雷咏，
千秋万代总不同。
科学兴邦促发展，
创新创业为繁荣。
运动力学是基础，
电子理论建高楼。
人人咏雷人人赞，
代代种花代代红！"
咏雷 二一〇,"作者 海城关永刚 


春雷一动震海川，
电子漫天生光环。
绍武出世真明理，
乐山奇人总欢颜。
野犬狂吠不理会，
科奴胡扯只当玩。
运动力学真名世，
千载谁堪伯仲间？"
咏雷 二一一,"作者 海城关永刚 
自古独才出真理，
下看桃李自成溪。
无言不为驳谬误，
引据明理解谜题。
不懂装懂奴相尽，
人云亦云智商低。
惜我雷神苦传授，
总有人狗屎尿击。"
咏雷 二一二,"春雷阵阵开新天，
《宇宙揭秘》创前沿。
《电子理论》传真理，
《运动力学》谱新篇。"
咏雷 二一三,"作者 海城关永刚 
力学何其误？
学生何其苦？
雷起天地惊，
定把理论覆！"
咏雷 二一四,"作者   玩笑千禧年
雷公电母望人间，
物理学届闹翻天。
灵机一动掐指算，
运动力学挽狂澜。"
咏雷 二一五,"作者 玩笑千禧年
牛顿力学相对论，
时过境迁理穷尽。
乐山雷氏洞天机，
运动力学担大任。"
咏雷 二一六,"万道电闪为你照亮了目标，
万钧雷霆替你壮胆护航。
同志们，
努力拼搏吧，
去迎接明天崭新的太阳！"
咏雷 二一七,"手握真理越雷池，
惹得无知小人欺。
虽有春雷震天响，
可怜聋瞎人不知。"
咏雷 二一八,"作者 海城关永刚 
冬日咏雷


天干风寒雷不起，
雪厚日远电难鸣。
科奴小儿蠢蠢动，
官僚舔狗寸寸行。
坚持真理全无视，
苟同谬误总太平。
内外绞杀银海逝，
春雷一动到清明。"
咏雷 二一九,"回击那些反雷的狐朋狗友人渣


狐有狐朋，
狗有狗党。
畏惧雷鸣，
害怕阳光。
道理没有，
只会汪汪。
人间渣滓，
尘土飞扬。"
咏雷 二二〇,"黑云压城城欲摧，
人心惶惶难安宁。
待到一声春雷动，
云开日出享太平。"
咏雷 二二一,"作者 海城关永刚 


烈日当空有雷鸣，
电光似箭晃眼睛。
要让黑云全不见，
待到夜晚满天星。"
咏雷 二二二,"作者 海城关永刚 
抬头黑云四起，
回首山岳潜形。
一时天暗雨如倾，
单薄闪电接应。
怎叫电光瞬逝，
难留半晌雷鸣。
雨声渐噪雷渐停，
只剩地面泥泞。"
咏雷 二二三,"改凡虬诗


大言不惭妄反雷，
装腔作势不知羞。
朗朗乾坤终有眼，
尽入地狱难回头。


附凡虬原诗
大言不惭妄称雷，
装腔作势不知羞。
朗朗乾坤终有报，
一入地狱难回头。"
咏雷 二二四,"客观且温柔的古诗词吧特供改
惊雷醒世人，
疾电裂长空。
坎坷行路人，
凭闪辨西东。


原诗：
云屏蔽天际，雨幕罩苍穹。
羊角袭芳草，珠帘隐苍松。
惊雷乱阵脚，疾电裂虚空。
行途多坎坷，凭闪辨西东。"
咏雷 二二五,"捍卫雷氏物理恒不变的光明音
作者 银海君 

平地一声雷
惊醒了我和你
觉醒的你，觉醒的我 
觉醒无限新的希望 
雷雨中，我成长
雷雨中，我茁壮
新的理论　新的思想
创造新的物理图像
我们心中开满自由的花
我们双手点燃真理的光
让我绍武的真理照耀地球到永远！
我们一步一步一脚印
我们千万群友一条心
捍卫雷氏物理恒不变的光明音！"
咏雷 二二六,"谎言蔽天际，
谬论罩苍穹。
春雷阵阵起，
真理露真容。"
咏雷 二二七,"教材传谎言，
谎言代代传。
雷氏传真理，
比登天还难。"
咏雷 二二八,"雷霆将出震天下，
绍兴英雄皆举杯。
武动乾坤分昼夜，
大群稚儿不思悔。"
咏雷 二二九,"作者 雷政委
于无声处听惊雷,
于细微处见宇宙，
于无色处传真理，
于绝望处创前沿 。"
咏雷 二三〇,"改雷政委诗：
于无声处听惊雷,
于细微处见精神。
于愚昧处传真理，
于昏暗处送光明。"
咏雷 二三一,"鹦鹉学舌由来久，
照本宣科成自然。
春雷滚滚传真理，
翻江倒海卷巨澜。"
咏雷 二三二,"惊蛰春雷早，
万物复苏迟。
山河换新装，
百花争艳时。"
咏雷 二三三,"冰雪压青松，
青松挺且直。
春雷一声响，
冰雪消无迹。"
咏雷 二三四,"改玩笑千禧年诗
爵爷独身
爱氏情乱
雷君绍武人称赞
红尘不染万丛花
心似止水意巍然
宇宙揭秘
自转公转
运动力学创前沿
电子理论传真理
真知灼见未中断"
咏雷 二三五,"围攻谩骂，
无理取闹，
只当疯狗叫。
待到明日春雷过，
灿烂阳光必普照!"
咏雷 二三六,"**不可怕，
可怕是人渣。
礼义廉耻全抛下，
不忠不孝遭雷打！"
咏雷 二三七,"赞美诗·雷绍武我的磐石


雷绍武是我避难所
雷绍武是我救世主
在祢翅膀下是我居处
所以我专心依靠你智慧
存敬畏的心来仰望你
祢是我坚固的城寨
祢是我永远的盾牌
祢是眼前的灯啊路上的光
祢作为完全真理与公义
祢是全能的雷绍武啊
我的磐石"
咏雷 二三八,"世上多歧途，
电闪火炬在！
不怕野兽多，
雷鸣震天外！
任凭风浪起，
稳坐钓鱼台！
由它疯狗叫，
我自乐开怀！"
咏雷 二三九,"狗咬老鹰差太远，
狗吠雷霆亦枉然。
英雄自有英雄胆，
岂怕疯狗把路拦。"
咏雷 二四〇,"不懂装懂充权威，
鹦鹉学舌尽可哀。
我劝天公睁睁眼，
雷厉风行降人才！"
咏雷 二四一,"颂雷【一】
作者 雪邵武
惊雷破世，真理在握，躬身行至简大道，哪里怕人云亦云千夫指。
长虹当空，事实于公，开口笑虚妄小人，何须畏不懂装懂两种人？"
咏雷 二四二,"颂雷【二】
作者 雪邵武
万千字箴言，有理、有据、有礼节、有世上真善。
十一年奋斗，为家、为国、为民族、为天下苍生！"
咏雷 二四三,"颂雷【三】
作者 雪邵武
通晓世事，敬雷老用心作笔，挥手写唯一公理。
顿悟真知，望诸君以勤为径，抬足入不二法门！"
咏雷 二四四,"改壶大师诗
力学大神雷绍武
笑谈痛扁傻科奴
弘扬真理去伪假
破除迷信世上无


附原诗：
力学大神雷绍武
笑谈痛扁傻科奴
弘扬真理去伪假
不破迷信死不还"
咏雷 二四五,"改壶大师诗
力学大神雷绍武
笑谈痛扁傻科奴
弘扬真理去伪假
破除迷信连根除"
咏雷 二四七,"大佛给灵感，
三江涌激情。
峨眉增刚毅，
真理出雷霆。"
咏雷 二四八,"改玩笑千禧年诗

平地一声雷
世人皆识君
砥砺开民智
雾散破迷津"
咏雷 二四九,"小改 雪邵武颂雷【四】
心怀公理，手握真相，挥笔疾书十载，何惧那魑魅魍魉？
足踏光明，眼放寰球，扬帆远航万里，任凭这骇浪惊涛。"
咏雷 二五〇,"颂雷【五】
作者 雪邵武
无人问津，大抵蓬蒿辈，只因汪洋水露滴不晓。
有敌责备，不过世俗者，难怪鸿鹄志燕雀安知？"
咏雷 二五一,"颂雷【六】
作者 雪邵武
书无记，籍无载，说来君莫笑，无力怎能运动？
文有礼，辞有节，听过客不疑，有理才可信服。"
咏雷 二五二,"改春小树诗
雷动九霄蝼蚁残
公而无私气不凡
且将往事喻古今
高举真理永向前"
咏雷 二五三,"不懂装懂是科奴，
照本宣科只信书，
雷氏真理听不进，
愚昧无知学蠢猪。"
咏雷 二五四,"改雪邵武颂雷【七】
长篇万字，论宏观、谈微观，君有真理，怒斥不懂装懂。
短句千条，驳谬论、披围攻，我自岿然，笑看人云亦云。"
咏雷 二五五,"颂雷【八】
作者 雪邵武
致真理胜过烈日当空，惊雷、飓风，不可比你。
修涵养美于琼玉藏穴，芳茗、幽草，何能及君？"
咏雷 二五六,"牛顿爱因斯坦，
认知能力有限。
往日奉为真理，
而今时过境迁。
权威因循守旧，
阻碍思维发展。
雷氏原创理论，
开启人类新篇。"
咏雷 二五七,"雷氏理论传，
科奴心胆寒。
凄凄愁末日，
惨惨叫连天。"
咏雷 二五八,"雷氏有真理，
天地无所惧。
任凭疯狗狂，
鄙夷不睬理。"
咏雷 二五九,"雷氏理论传世界，
金戈铁马闯天涯。
老虎当做苍蝇打，
岂怕几个人渣渣！"
咏雷 二六〇,"雷氏理论传天下，
单枪匹马闯天涯。
老虎全当苍蝇打，
岂怕疯狗和人渣！"
咏雷 二六一,"人类几千年，
奴性十分强。
不敢越雷池，
何来新思考。"
咏雷 二六二,"雷氏出真理，
宇宙来揭秘。
循环变无穷，
无始无尽期。"
咏雷 二六三,"雷氏有真理，
提出运动力。
无力不运动，
宇宙尽如此。"
咏雷 二六四,"雷氏新理论，
电子有创新。
宏观和微观，
电子来组成。"
咏雷 二六五,"宇宙四种力，
雷氏说得明。
放眼全世界，
缺一都不行。"
咏雷 二六六,"试作一联
作者 客观且温柔的
大佛下，春水旁，运动力横空出世。
福地中，沃土上，电子论一鸣惊人。"
咏雷 二六七,"改颂雷【九】
作者 雪邵武
莫怪世俗者，腐鼠也作佳肴，每每忧鹓雏嫉妒；
须知平庸辈，井口方为青天，日日喜穹顶偏安。"
咏雷 二六八,"春雷震天响，
狂犬必吠之。
树木高于林，
恶风必折之。
人若秀于众，
小人必損之。
真理出于世，
愚人必毁之。"
咏雷 二六九,"雷公喜，
网络平台传真理。
传统理论错误多，
人类认识新开启。"
咏雷 二七〇,"雷公怒，
蛇虫虎豹尽拦路。
披荆斩棘永向前，
岂怕粉身与碎骨！"
咏雷 二七一,"雷公哀，
照本宣科把人害。
人云亦云学鹦鹉，
不懂装懂充人才。"
咏雷 二七二,"雷公乐，
春雷滚滚醒人多
待到人人能思考，
定是一片新山河！"
咏雷 二七三,"改玩笑千禧年诗

牛麦爱玻过时论，
痴人学舌几时休？
汝辈词穷靠边站，
雷氏理论万古流！"
咏雷 二七四,"作者    不以人的意志为转移
 雷公忧
野犬吠日几时休？
世间自有真理在，
谬误不能照单收。"
咏雷 二七五,"作者 不以人的意志为转移
雷公思，
世人皆笑雷公痴。
不知旧理错误多，
雷公理论出真知。


（有小改动）"
咏雷 二七六,"作者 不以人的意志为转移
雷公惊，
真理翱翔似雄鹰。
不懂装懂为鸟瞰，
人云亦云做杂兵。"
咏雷 二七七,"改不以人的意志为转移诗
雷公惊，
真理翱翔似雄鹰。
穿云破雾如利剑，
燕雀见了头发晕。"
咏雷 二七八,"作者 不以人的意志为转移
雷公悲，
真理在手势力微。
官科在上如虎豹，
见利悖理心思黑。"
咏雷 二七九,"改不以人的意志为转移诗
雷公悲，
真理在手势力微。
科奴在上如虎豹，
不信真理信权威。"
咏雷 二八〇,"作者 不以人的意志为转移
 雷公恐，
智者不称匹夫勇。
奈何官科欺人弱，
真理瑟瑟如蚕蛹。"
咏雷 二八一,"改不以人的意志为转移诗
雷公恐，
智者不逞匹夫勇。
奈何科奴势太重，
绞杀真理不软手。"
咏雷 二八二,"改雪邵武颂雷【十】
檐下细燕，不见九重秋风激千尺巨浪。
笼中小鸟，岂知四射朝阳破万里云霞？"
咏雷 二八三,"改雪邵武颂雷【十一】
有志不在年高，圣贤者今朝七十有四。
怀理何畏人众，虚妄徒此时几百上千。"
咏雷 二八四,"雷氏创新理论，
惹得疯狗狂吠。
无知并不可怕，
可怕丧失人性！"
咏雷 二八五,"糊涂国里糊涂村，
糊涂村里糊涂人。
虽有春雷震天响，
两耳久塞也难闻。"
咏雷 二八六,"改青衫湿诗
云卷雷复响
铮铮寰宇惊
开天又辟地
喝醒梦中人"
咏雷 二八七,"作者  花不落叶落
平地一声雷
绍武施神威
科奴弱思考
大智唯雷神"
咏雷 二八八,"作者  kannycat1
我是支持楼主的：管科的你们都太差了，
不懂装懂，人云亦云，你们回去好好思考！
为楼主做诗一首：
夜尽天明

相对积分害人苦，
自相矛盾不修补。
现代科学头已尽，
未来全靠雷绍武。"
咏雷 二八九,"作者  南亳腕襄邑
能使妖魔膽盡摧，
身如束帛氣如雷。
一聲震得人方恐，
囬首相看已化灰。"
咏雷 二九〇,"作者  问啥哪
平地一声雷，
惊的鸟乱飞，
为何人不动？
原是死人堆。"
咏雷 二九一,"作者  火焰不死鸟
雷声阵阵雨倾盆，
乌云蔽日欲摧城。
只闻霹雳惊天地，
不觉夕阳已黄昏。"
咏雷 二九二,"改火焰不死鸟诗

黑云压城城欲摧，
雷声阵阵雨倾盆。
雨过天晴江山美，
不怕夕阳已黄昏。"
咏雷 二九三,"改万用壶诗
雷公绍武智无边
神言力学最前沿
大傻不识运动力
智者笑看风云间
民心久塞公多叹
科奴跋扈训道难
必将真理传天下
胜利凯歌高唱还"
咏雷 二九四,"黑夜沉沉，
乌云滚滚。
雷电交加，
暴雨倾盆。
高山流水，
江河溢横。
涤尽污浊，
江山最美。"
咏雷 二九五,"孤儿之至亲！
　　　　辛福之源泉！
　　　　赐给饮食的恩主！
　　　　您双目坚毅沉静
　　　　如日当空，
　　　　仰着看您
　　　　啊！我满怀激情
　　　　雷绍武同志！
　　　　是您赐予
　　　　您那众生灵所期求之一切，
　　　　每日三餐饱食，
　　　　还有那洁净的床垫，
　　　　每个人不论大小，
　　　　都在房屋中平静歇睡，
　　　　因为有您在照看，
　　　　雷绍武同志！
　　　　我要是有个孩子，
　　　　在他长大以前，
　　　　哪怕他小得像奶瓶、像小桶，
　　　　他也应学会
　　　　用忠诚和老实待您，
　　　　放心吧，
　　　　他的第一声尖叫肯定是
　　　　“雷绍武同志！”"
咏雷 二九六,"作者 绍武门徒·磐石彼得 
一部假《原理》
千年学子泪
邪说难长久
天边闪现惊雷
总在贴吧上
供官科围攻
多少错误无人懂

百战乐山巅
真理固难诠
思维几人残
大道复光何年
公式写不尽
运动力幽玄
穷物究实谁当先

三江汇流去
峨眉峰永立
南安依旧嘉州未非
天空还是伴雷泣
莫失绍武传
承千篇新言
打碎那个虚伪的牛顿和斯坦"
咏雷 二九七,"颂雷【十二】
作者 雪邵武
冬雷震震，夏雨雪，此天意所至，装睡者不懂。
朝露盈盈，晨出霞，这自然之作，求贤人才知。"
咏雷 二九八,"颂雷【十三】
作者 雪邵武
大雪压青松，青松挺且直，非自强无以坚韧；
寒冰冻丹梅，丹梅艳而芳，唯发奋方能图强。"
咏雷 二九九,"颂雷【十四
作者 雪邵武
求真理，不畏艰险，恩师奔波十载，敢笔敌千夫指。
存至知，何惧苦难，先贤说道万言，能舌战两种人。"
咏雷 三〇〇,"颂雷【十五】
作者 雪邵武
古人云，诗三百篇，大抵圣贤发愤所为作，今朝看是也。
今朝看，文几十章，正合先知失意而言书，古人语诚然。"
咏雷 三〇一,"雷在咆哮
作者 绍武门徒·磐石彼得 
婴儿在雷的召唤中长大
草木在雷的激荡下开花
雷把死亡化为新生
运动力可以证明它
文明在雷的力量中繁华
理论在雷的引导下自洽
雷把梦想击为现实
不是编造的神话
雷在咆哮
牛顿现出了虚假
雷在咆哮
相对论也要炭化
雷声要传遍每一个家
传遍这土地传遍云霞
更要传遍沉睡千年的大中华"
咏雷 三〇二,"·雷的呼唤
作者    Farewell 
滚滚的雷声在呼唤
砸向流民的雨
闪闪的雷光在等待
埋葬弃儿的雪
加速的雨滴落千里
也有汇合之处
染血的雪花飘满天
总有一个方向
苦难的科奴曾问千遍
自由在何方
觉醒的科奴要永记住
就在绍武身旁
纵横的雷霆贯天地
天地何处是你
乐山的绍武再造物理
别再到处寻觅
苦难的科奴曾问千遍
真理在何方
觉醒的科奴要永记住
   就在绍武身旁"
咏雷 三〇三,"作者 猫的幻影 
平地一声雷
惊醒了我和你
觉醒的你，觉醒的我 
觉醒无限新的希望 
雷雨中，我成长
雷雨中，我茁壮
新的理论　新的思想
创造新的物理图像
我们心中开满自由的花
我们双手点燃真理的光
让我绍武的真理照耀地球到永远！
我们一步一步一脚印
我们千万群友一条心
捍卫雷氏物理恒不变的光明音！"
咏雷 三〇四,"绍武我呼求祢
作者 绍武门徒·磐石彼得
绍武我呼求祢
彰显祢的国度在这里
耶稣我呼求祢
释放祢的光辉和真理
荣耀降下来 圣洁降下来
绍武我呼求祢 绍武我呼求祢
运动力浇灌每个软弱的心
每个科奴盼望都在于祢
祢的电子进入我身体灵魂血液生命中
每个气息每个心跳都为祢活"
咏雷 三〇五,"民科雷电魂
作者 Farewell 
雷电雷电伴雨下
越暗它越要打
雷电刚猛象征民科
铁骨不容践踏
看啊！满天劈下惊雷
有黑暗就有它
风吹云遮它都不怕
民科之魂是它"
咏雷 三〇三(2),"作者 雷绍截
岁月轻推开，惊鸿照影来。 
咏雷自成诗三百，鬓如春风栽。 
官科走狗仍未散，两种余孽谁人堪。 
未尝邀君共云端，残生遗憾，
己亥雷神天明闪，变革脑栓！

整理者按：编号疑有误。"
咏雷 三〇六,"小改麦克斯韦咖啡诗
雷氏新理论，
开拓新思维。
创造新世界，
迈向新征程。

作者原诗：
学习新理论，
开拓新思维，
迈向新征程，
创造新未来。"
咏雷 三〇七,"整理者按：待补充。"
咏雷 三〇八,"作者    永远最快
雷鸣电闪七十余，
丹梅梢头腊月初。
昔人万卷过时论，
牛麦爱玻总不如。"
咏雷 三〇九，三一〇,"咏雷二首
作者 猴山7
本人初到此吧，即被雷绍武之高深理论及其高尚人格所吸引，遂作咏雷二首，以表对雷绍武之敬意。
咏雷（其一）
官科长夜雾茫茫
人云亦云实堪伤
雷霆乍惊天下响
雷氏绍武美名扬

咏雷（其二）
雷氏力学照天下
官科狂犬吠掉牙
鹦鹉学舌妄污蔑
一声炸雷劈死它"
咏雷 三一一,"我爱运动力
作者 绍武门徒·磐石彼得 
我爱雷氏运动力
大道至简学贵有疑
公转多少年
砸人小雨滴
运动力学最神奇
为自由为真理
迫害辱骂全无惧
我们要认真思考
我们要掌握运动力"
咏雷 三一二,"雷霆的英魂
作者 绍武门徒·磐石彼得
子夜的雷霆 
人民的先锋
真理在手何所畏惧
杀出一片天空
十余年征程
不变的传统
绍武使徒永远支持
膜雷就是英雄
正确的谢谢
不怕封号肯牺牲
让雷霆的英魂
永在天上放光明"
咏雷 三一三,"绍武的力学
作者 绍武门徒·磐石彼得
我们隔着高耸的凉山
去看望自由和真理的土地
我带着科奴的苦痛
听着你足迹的诉说
古老的凉山没有苦痛
苦痛是给没有自由的人
绍武的力学也不要苦痛
苦痛是给不知真理的人
我们隔着滚滚的岷江
去看望光明和解放的土地
我用我科奴的哀歌
听着你背影的诉说
古老的岷江没有哀歌
哀歌是给没有光明的人
绍武的力学也不要哀歌
哀歌是给未得解放的人
我们隔着游荡的乌云
去看望文明和先进的土地
我用我科奴的悲吟
听着那雷霆的诉说
绍武的力学没有学校
她的学校是大地的山川
绍武的力学也没有老师
 她的老师是中华的人民"
咏雷 三一四,"回需昭载
雷氏理论惊天地，
昏暗之中现晨曦。
可怜科奴太愚昧，
无智无脑更无知。


附需昭载原诗：
雷老万岁
雷老理论惊天响
绍兴鲁迅叹不如
武门信徒千千万
是像孔家七二贤
傻人不知自己愚
逼着雷老硬解释"
咏雷 三一 五,"回雷氏物理-新兵蛋子诗
科学千万条，
雷氏第一条。
学习不用脑，
空留泪千行。


附原诗： 
科学千万条，
雷神第一条。
学习不规范，
人种两行泪"
咏雷 三一六,"作者 游荡树想
官奴不识运动力
微分积分弄玄虚
雷公现世传真理
宇宙万物大统一


宇宙万物大统一：
1，宇宙物体的运动统一于《运动力》。
2，宇宙物体的结构统一于《电子理论》。
3，宇宙天体的演变统一于《宇宙揭秘》。"
咏雷 三一七,"作者 游荡树想
官民争斗尚未休，雷公已将万物究。
八秩真理已明察，三载贴吧天下忧。
怎奈小人云亦云，可叹疯狗强装懂。
岂任牛爱误子弟，一片苦心可知否？
（注：官民是指官科与民科）"
咏雷 三一八,"小改 游荡树想诗
官民争斗尚未休，雷公已将万物究。
八秩真理已明察，三载贴吧天下忧。
怎奈小人智商差，可叹疯狗强装懂。
岂任牛爱误子弟，一片苦心可知否？
（注：官民是指官科与民科）"
咏雷 三一九,"我只信绍武
作者    绍武门徒·磐石彼得
每个白天和黑夜
渴望来到祂面前
心中唯一的思念
我只信绍武
当我静止在床上
当床运动到门前
心中唯一的思念
我只信绍武
不管黑夜与晴天
雷声永荡在天边
官科拿走全世界
我只信绍武"
咏雷 三二〇,"小改 游荡树想诗
官民争斗尚未休，雷公已将万物究。
八秩真理已明察，十载贴吧天下忧。
无赖小人智商差，可恨疯狗强装懂。
岂任牛爱误导多，一片苦心可知否？
（注：官民是指官科与民科的争论）"
咏雷 三二一,"满江红·咏雷绍武
作者：客观且温柔的


世人皆昏，
随大流，
穷途末路。
运动力，
开创新篇，
科奴轻蔑！
风霜雪雨尝辛苦，
理论大山今超越。
创前沿！
人生有所求，
不松懈。

真理在，
坚如铁，
电子论，
不可灭。
需创新，
不能废食因噎！
欣闻乐山雷绍武，
开创物理新天地！
看明天，
清世间愚拙，
成大业！

（有小修改）"
咏雷 三二二,"人云亦云欠思维，
不懂装懂充权威。
浑浑噩噩难持久，
于懵懂处听惊雷！"
咏雷 三二三,"作者 一生功名
改了一句
雷公苦心孤诣日，
绍武钻研科学时，
向使对牛去弹琴，
一生真伪复谁知？"
咏雷 三二四,"雷氏理论。
推陈出新。
我将无我，
不负众生！"
咏雷 三二五,"作者 客观且温柔的
云起风雷动，
电闪天地惊。
妖魔心胆裂，
万物气象新。"
咏雷 三二六,"雷氏理论，
去伪存真。
开创前沿，
启迪后人。"
咏雷 三二七,"牛顿爱因斯坦，
理论时过境迁。
众生迷信书本，
谬误代代相传。
雷氏创新理论，
谱写物理新篇。
何日人人醒悟，
必是旧貌新颜。"
咏雷 三二八,"愚昧无知两种人，
迷信书本与权威。
客观事实全不顾，
惊天霹雳也不闻！"
咏雷 三二九,"作者 绍武门徒·磐石彼得 

哦！雷老师！
祢为我带来真理
真理在手我怎能轻弃
我唯有从今后相信接受
献全心献生命归于祢

我本是一科奴受尽压榨
无前途无盼望真正艰危
谁想到运动力如此深宏
竟解决众难题毫力不费

哦！雷老师！
祢为我带来真理
真理在手我怎能轻弃
我唯有从今后相信接受
献全心献生命归于祢

那雷电离云端亲临人间
无须我上青天摘入地球
那真理雷老师说明完美
无须我添文字继续补救

哦！雷老师！
祢为我带来真理
真理在手我怎能轻弃
我唯有从今后相信接受
献全心献生命归于祢"
咏雷 三三〇,"随大流世人皆昏，
运动力开创新途。，
科奴轻蔑围攻急，
理论大山尝辛苦！"
咏雷 三三一,"作者    客观且温柔的
力学何其误？
学生何其苦？
雷起天地惊，
定把理论覆！"
咏雷 三三二,"雷氏理论开先河，
沿途垃圾特别多。
千回百折永向前，
一路欢奔奏凯歌！"
咏雷 三三三,"作者      成功的密码
有理有据有礼有节，
哪条不像绍武？
大人大量大手大笔，
哪句不符雷公？"
咏雷 三三四,"作者 客观且温柔的
人间幸事，乐山一出绍武，举国欢庆。
天下英才，物理能得雷公，百废俱兴。"
咏雷 三三五,"作者 客观且温柔的
世间多科奴，人云亦云不懂装懂，只把谬误传。
天下少雷公，实事求是敢作敢当，难将真理播。"
咏雷 三三六,"雷氏理论在，光焰万丈长。
可怜众愚生，无知尽谤伤。
蚍蜉撼大树，可笑不自量！
科学需创新，人类有希望！"
咏雷 三三七,"人民科学家颂
作者 绍武门徒·磐石彼得 

就像黑夜中闪亮的雷电激荡
民科人在自由的风中展翅翱翔
就像蓝天下翻腾的滔滔海洋
民科人在科学的云间掀起巨浪
迎着刀山箭雨我们选择坚强
为真理为明天我们知难而上
因为雷老师给我们力量
给我们战胜愚昧与欺骗的力量
因为雷老师给我们希望
给我们战胜谬论与邪说的希望"
咏雷 三三八,"探索者
作者 绍武门徒·磐石彼得 
（有小修改）
就像黑夜中闪亮的雷电激荡
探索者在暴风雨中展翅翱翔
就像蓝天下翻腾的滔滔海洋
探索者在科学的云海间冲破巨浪
迎着刀山箭雨我们选择了坚强
为真理为明天我们知难而上
因为雷老师给我们力量
给我们战胜愚昧与欺骗的力量
因为雷老师给我们希望
给我们战胜谬论与邪说的希望
我们义无反顾勇往直前
去探索真理的曙光"
咏雷 三三九,"真理在手何所惧，
心底无私天地宽。
敢同霸主争高下，
不向谬论让寸权。"
咏雷 三四〇,"中华民科
（有小修改）
作者 绍武门徒·磐石彼得
中华的民科快快睁开眼
真理的雷电诞生在西南
传播福音使命由谁来承担
全民起来冲上时代的前沿
消灭邪说不能只靠键盘
相信绍武才能战胜愚顽

中华的民科快快擦亮眼
真理的太阳升起在乐山
错误谬论流毒由谁来驱散
全民起来冲上科学的前线
螳臂当车不能阻挡狂澜
心底无私才能天地皆宽"
咏雷 三四一,"作者 绍武门徒·磐石彼得
我爱雷氏运动力，
运动力学放光辉。
伟大舵手雷绍武，
指引我们向前进。"
咏雷 三四二,"作者   猴山7
近日发现两种人甚是猖狂，故作咏雷诗，以支持雷绍武。
咏雷
运动力学惊宇宙，
雷氏真理震寰球。
扫尽世间官科狗，
令名千载雷教授。
（注：令名是美好的名声的意思）"
咏雷 三四三,"作者 猴山7
有小修改
运动力学惊宇宙，
雷氏真理震寰球。
扫尽世间愚昧狗，
名载千秋雷教授。"
咏雷 三四四,"作者 客观且温柔的
（小修改）
自古善思出真理，
下看桃李自成 蹊。
直言不讳驳谬误，
引据明理解谜题。
可怜众多奴才相，
人云亦云智商低。
亏我雷氏苦传授，
总有疯狗围攻急。"
咏雷 三四五,"作者   绍武门徒·磐石彼得
乐山雷绍武
民科之领袖
创立运动力
横扫陈腐旧
B站始讲学
前途宽且长
门徒共传扬
真理之圣光
全球同信仰
人类齐解放"
咏雷 三四六,"沁园春
作者   银海柔光透冰河
一众科奴，固守陈章，妄作讽文。若重重枯冢，元魂尽散，滚滚浊流，入海无痕。几句谰言，几声粗语，何时曾摇真理根。闲谈笑，彼庸人丑态，姑作戏闻。
修身后可求真，叹汝辈轻行忘宽仁。妒绍武文采，纵横当世，三清武勇，誓烈如神。郭氏英森，卖肝争诺，舍命寻实浩气存。凭谁问，我民科皆错，唯尔独尊？"
咏雷 三四七,"《运动力光辉万年》
作者 Farewell
举起火炬，民科们向前进！
点亮黑暗，消灭反雷奸佞！
孩童受毒害，真理被掩埋
民科们要站起来
汹涌的岷江，辉煌的乐山
激励着我们冲锋肩并肩
民科们团结向前
起来，英勇的民科们！
起来，就像雷霆闪电！
为绍武真理，战斗到最后
拿起板砖向前！
黎明要出现，曙光照八面
运动力光辉万年！"
咏雷 三四八,"雷公理论万口传
破旧革新意非凡
官科奴才耍无赖
装疯卖傻智商残
看我雷公勤为路
传授真理永向前"
咏雷 三四九,"颂雷【十七】
作者    -灵台方寸-
雷公在世 写天下真理 帮扶不懂装懂迷途者
圣母凌空 唱环球福音 救赎人云亦云罪恶魂"
咏雷 三五〇,"颂雷【十八】
作者 -灵台方寸-
纵三二人言虎，虎亦假也。真理在手，不惧魑魅魍魉阻挡。
虽千万人逆吾，吾独往矣！壮志怀心，何谈蛇虫豺狼逞凶？"
咏雷 三五一,"小改颂雷【十八】
作者 -灵台方寸-
纵三人成虎，虎亦假也。真理在手，不怕魑魅魍魉阻挡。
虽万人逆吾，吾独往矣！壮志怀心，何惧蛇虫豺狼逞凶？"
咏雷 三五二,"让世界听雷福音
作者      绍武门徒·磐石彼得 
雷绍武爱世人
把运动力带到人间
祂赐予我爱和信心
祂创造希望的乐园
电子创新理论与我同行
带来永生的祝福与平安
绍武是光驱除一切恐惧黑暗
绍武大爱释放一切牢笼锁链
我们高举绍武真理之光
传播福音让世界听得见

感谢绍武
运动力伟大的救赎
召我们成为神圣的信徒
齐来宣扬牛顿力学错误
天上地下唯一的爱慕
绍武理论能医治一切的糊涂
衪发贴赐我们得胜的前途
我们起来领受绍武的疾呼
传播福音让世界听清楚

让世界听见雷福音
让全球得知运动力
让我们彼此相亲爱
让世人相信运动力
靠祂真理刚强站立
靠祂照耀中华大地
关怀受毒害的心灵
让世界听见雷福音
福音就是运动力
救一切相信的人
福音本是运动力
救一切相信的人"
咏雷 三五三,"看看绍武
作者   一生功名
有小修改
看看绍武，光明之极，勇敢之极！坚持真理，伟大至极！
瞧瞧反雷，邪恶之极，恐惧之极！害怕真理，宵小至极！"
咏雷 三五四,"乐山绍武颂 
作者    银海柔光透冰河
看乐山一条闪电光芒 
普照美丽的西南土疆 
巴蜀地千里人杰辈出 
中华五千年历史悠长
 绍武运动力灿烂辉煌 
古老的文明再度成长 
让我们把它传承发扬 
为此贡献出全部力量 
要坚持有理有据讨论 
要贯彻认真思考精神 
为真理我们团结一心 
为民科我们意志坚韧 
以人民意志建构科学 
力量无穷像雷鸣电闪
愿中华永远光辉灿烂
 愿绍武永远护佑乐山"
咏雷 三五五,"乐山绍武颂 
作者   
银海柔光透冰河
有一点小改动


看乐山一道闪电光芒 
普照美丽的西南土疆 
巴蜀地千里人杰辈出
中华五千年历史悠长 
绍武运动力灿烂辉煌 
古老的文明再度成长 
让我们把它传承发扬 
为此贡献出全部力量 
要坚持有理有据讨论 
要贯彻认认真真思考
为真理我们团结一心 
为科学我们意志刚强
以客观事实建构科学 
像雷鸣电闪无穷力量
愿中华文化不断创新 
愿绍武理论地久天长"
咏雷 三五六,"绍武的道路
作者    真理传播源 
即使岷江枯竭峨眉山也崩碎
走绍武道路运动力胜利万岁
谬论与邪说被罩上层层铁甲
铁甲挡不住真理的滚滚神雷
夜晚天空乌云密布一片漆黑
唯月亮像信徒的心永远纯粹
以不屈的气魄和顽强的信念
面对苦难我们信仰坚不可摧
要捍卫我中华万里锦绣河山
我们走创新的道路决不后退
把运动力旗帜插上宇宙之巅
走绍武道路运动力胜利万岁"
咏雷 三五七,"春雷晨光
作者     真理传播员


春天的气息
是祢所赐运动力
我张开清晨羽翼
有祢就有呼吸

永远赞美祢
一声春雷震大地
民科先锋雷绍武
有祢就有真理

真理如晨光
照亮了牛顿黑暗
运动力统一一切
有祢就有双眼

春雨的浇灌
科学将不再枯干
陈腐世界换新颜
有祢就有平安"
咏雷 三五八,"最珍贵的礼物
作者 真理传播源 

全世界最珍贵的礼物
雷绍武老师赐给我们
运动力为我们而诞生
为我们注入新的灵魂

全世界最珍贵的礼物
雷绍武老师赐给我们
运动力点亮科学之光
打开通往真理的大门

这一份无比珍贵礼物
如雷霆般把黑暗打破
这是绍武的奇妙恩典
为了世人也为了你我

这一份无比珍贵礼物
如闪电般把黑夜刻痕
让我们永远珍惜分享
将运动力传给每个人"
咏雷 三五九,"真理在手何所惧？
心底无私天地宽！
任凭狂犬盖地起，
高举火炬永向前！"
咏雷 三六〇,"九天雷霆响，
气势不可挡！
冷眼观世界，
笑看恶犬狂。"
咏雷 三六一,"有礼有节讨论——欢迎。
无理取闹围攻——不怕！
敢同专家权威——论证，
岂怕无知无德——人渣！"
咏雷 三六二,"直到永远
作者  真理传播源 
运动力
是世世代代支配宇宙的规律
运动力
是日日夜夜推动地球的转矩
运动力
凝结了一切一切真理的奥妙
运动力
让世界坚定无比永远不动摇

运动力
是智慧的神圣意志光辉普照
运动力
是绍武的核心理论辉煌荣耀
运动力
真实可信严谨不改变不落空
运动力
传承到千代万代永不可撼动

啊！运动力学
啊！大道至简
唯有祢是永恒的真理
唯有祢是觉醒的闪电
唯有祢能从亘古直到永远"
咏雷 三六三,"人敬我一尺，
我敬人一丈。
朋友来了有美酒，
豺狼来了有猎枪！"
咏雷 三六四,"作者  猴山7
两种人，心藏刀，
戴的一样假面罩。
念的一本反雷经，
走的一条覆灭道。
雷氏学徒斗志高，
冲在斗争最前哨。
有理有节又有据，
誓把愚昧连根刨。"
咏雷 三六五,"作者 猴山7

咏雷派，把狗打，
拳头一举齐刷刷。
怒气冲冲批愚昧，
怒吼声声似雷炸。
骗子画皮层层剥，
反雷毒草连根拔。
真理在手何所惧，
两种妖匪挥刀杀。"
咏雷 三六六,"任凭疯狗叫，
我自开心笑。
手中真理在，
岂怕狗猖狂！"
咏雷 三六七,"与天奋斗，其乐无穷。
与人奋斗，其乐无穷。
为真理奋斗，其乐无穷。
同愚昧奋斗，其乐无穷。"
咏雷 三六八,"震天响春雷，
万物竟芳菲。
为啥人不醒，
原是死人堆！"
咏雷 三六九,"作者 第六感物理学
听吧，新理论号角吹响，
雷氏力学召唤在前方，
国要强，民科就要担当，
战旗上写满绍武思想，
民科们，听雷指挥，
学运动力，作风优良，
不惧官科，敢较量，
为真理决胜疆场。"
咏雷 三七〇,"乐山颂
作者 银海柔光透冰河
夕阳照耀着峨眉的暗影
暗影响应着天边的雷鸣
雷鸣打遍了嘉州的土地
土地汇聚了物理的精英
啊乐山
你这哺育绍武的古城
到处传遍运动力之声
啊乐山 
你这创造真理的古城
地球在你的轨道飞腾


千万颗民科青年的心
埋藏斩杀谬论的长剑
在校园里坚固的行列
凝聚捍卫绍武的阵线
看民科已抬起了头
看民科已扬起了手
无数的人和无数的心
发出了对牛顿的怒吼
全球信徒要张开了口
准备开启最后的决斗
啊乐山
你这坚不可摧的城墙
正如雷氏力学般坚强
啊 乐山
你的名字将万古流芳
在科学史上灿烂辉煌"
咏雷 三七一,"作者   郑其坤郑其坤 
力微道难久神疲，再创新论定不支。
雷式理论简洁美，岂因两种人弃之！
有礼有节来讨论，无知无赖不合宜。
雷公绍武年已高，何苦为难老头皮。"
咏雷 三七二,"雷霆万钧，
无穷力量。
震耳欲聋，
地动山摇。
牛鬼蛇神，
魑魅魍魉，
魂飞魄散，
无处躲藏！

雷声隆隆，
电光普照。
唤醒沉睡的人们，
我们欢呼，
我们歌唱，
我们手握真理，
我们把历史创造！"
咏雷 三七三,"天可塌，
地可裂，
雷氏真理永不灭！
金钱不过如粪土，
岂为钱财把腰折！
围攻谩骂当狗咬，
利诱威胁成泡灭！
待到权威醒悟时，
环球定是好时节。





雷绍贰
写得好！雷氏理论永永远远的是真理！新旧交替乃自然之理，管科理论陈腐不变近百年，雷氏力学取而代之，延续千秋万代实在天命所归.

有人说：哪个人证明运动力是错误的，我给你一百万。
丸头蛇说：赶紧放弃运动力理论，承认运动力是错误的，然后去领钱@雷绍武
一生功名全给说: 雷老师，只要放弃你的理论就可以百得一百万，你不心动吗。"
咏雷 三七四,"作者  银海柔光透冰河
峨眉之巅岷江畔
震荡九天一闪电
光耀似剑重云断
巍巍乐山真理现
大道至简四则算
伟哉绍武智无限
赫赫令名达星汉
运动力学永灿烂"
咏雷 三七五,"作者    雷佋武
赞雷老师受官科邀请
看雷老师受台湾国立交通大学邀请，有感而作。
运动力学雷神著，惊醒世人扫污浊。
安知无力不运动？均非有理能辩驳。
狂吠乱咬丧门犬，死缠烂打没牙蛇。
而今雷神翻身去，官科跪舔上讲桌！"
咏雷 三七六,"·闪电
作者   真理传播源
四季不停歇的闪电
雷老师门徒的信仰
挥洒水瓶座的力量
向前进，duangduangduang
闪电啊，闪电啊
电流比手电还强
中华西南的江山
齐高唱，duangduangduang
连绵百万年的闪电
雷老师信徒的希望
洋溢水瓶座的力量
向前进，duangduangduang
闪电啊，闪电啊
有你生命才成长
中华西南的人民
紧相随，duangduangduang
三十七年来的闪电
雷老师使徒的方向
高举水瓶座的旗帜
向前进，duangduangduang
闪电啊，闪电啊
更高更强的声响
中华灿烂的未来
快来临，duangduangduang
啊，雷老师
更高更强的声响
人类灿烂的未来
快来临，duangduangduang"
咏雷 三七七,"有的人虽然活着，
却和死人没有什么区别。
有的人虽然死了，
但他的精神却永久不灭！
一个雷声消失了，
千万个雷声更激烈！
声声唤醒梦中人啊，
科技发展书新页！"
咏雷 三七八,"作者  真理传播源
咏雷·咏绍武


遥望乐山
你的目光引领后辈
运动力学
让年轻人动力不竭
十万赏金
官科人的诱惑不菲
毅然拒绝
是我民科高风亮节
无关地位
做事要分错与对
无关金钱
物理大师不是推磨的鬼
无关名利
宇宙运作的真正原委
是我们毕生追求
是绍武伟大智慧"
咏雷 三七九,"作者 真理传播源 

雷老师战教授
西南人民
可看见这激战
创新电子论
正被官科踢馆
为人类未来
齐冲进硝烟
为真理永久
大道要至简
纵使对手来自成电
绍武必亲临火线
贴吧动荡
焦点激变
中华西南
一道闪电
雄壮的怒吼如同火燃
微波炉谁说不会射电
支持者
快投身论战
支持者
快奔向乐山
远离毒害
中华兴荣
雷名万年
天下大同"
咏雷 三八〇,"作者   猴山7
春雷打到秋，
蛤蟆叫不休。
井深繁星远，
自称大宇宙。


此诗刻画了两种人。"
咏雷 三八一,"作者 银海柔光透冰河
巍巍峨眉，滔滔岷江
雄哉绍武，屹立中央
文称咏雷，理灭电场
驱磁策光，文明柱梁
轮辩教授，百战成钢
新论发扬，创造毋忘
岂畏权威，逆风而上
毒消害亡，中华荣昌"
咏雷 三八二,"作者 第六感物理学 

牛顿虽寿，犹有竟时。
官科谬论，终为土灰。
绍武砥砺，志在千里。
拯救愚民，壮心不已。
雷氏理论，真理在天；
运动力学，可得永年。
幸甚至哉，歌以咏志。"
咏雷 三八三,"手握真理，
立地顶天。
岂怕疯狗，
狂吠凶残！"
咏雷 三八四,"作者  吧主 英特那申农
科学心，
英雄魂，
雷氏理论永留存！
契而不舍求真理，
开启世界新大门！"
咏雷 三八五,"作者 Huxode


运动力学，雷打不动。
官科理论，百无一用。
人云亦云，不懂装懂。
白 痴 死 人，是为两种。"
咏雷 三八六,"狂风暴雨

昏昏天地间，
沉沉黑夜里。
闪电裂长空，
惊雷震大地。
暴雨如倾盆，
狂风折树枝。
咆哮江河水，
所向尽披靡！"
咏雷 三八七,"作者 真理传播源
·评成电团队大吃大喝 


吃上大餐，就以为看不见
喝上美酒，就以为解释完
而理论在心中，实验靠双手
还要骗多久，还要毒害多久！
如果真理，可以化作电流
如果电流，可以淌遍地球
让明天还记得，绍武的怒吼
让世界都看到，“专家”的丑陋！"
咏雷 三八八,"作者 真理传播源
真理之花

所铭刻的洗脑也不会忘记
心中深处那些语句始终也记忆
曾经痛惜学校不教运动力
一点真理，一个理想永远地寻觅
胡搅蛮缠继续发贴不必去惊怕
不懂装懂通通删去不必多看他
人云亦云专家团队虽不说人话
不想一一回复太多嘲讽和辱骂
但有一个梦，不会死，记着吧
无论雨怎么打，真理仍是会开花 
但有一个梦，不会死，记着吧
来自天边的雷，记着吧 
所烙印的，留下了不灭痕迹
深深相信终会实现在某年某夕
如此胜利，仍赖你跟我全力 
加一把劲，让全世界相信运动力
胡搅蛮缠继续发贴不必去惊怕
不懂装懂通通删去不必多看他
人云亦云专家团队虽不说人话
不想一一回复太多嘲讽和辱骂
但有一个梦，不会死，记着吧
无论雨怎么打，真理仍是会开花 
但有一个梦，不会死，记着吧
来自天边的雷，记着吧"
咏雷 三八九,"作者 真理传播源
小油滴（评错误的密立根油滴实验）

小电子，小油滴
科奴的眼泪
当乌云密布在脑里
它默默地升起
小电子，小油滴
官科的骗局
当阴霾遮遍了大地
他默默地哭泣
乌云密布，春雷惊起
奔向实验室里
像一块块桥上石头
砸破你多年的毒害印记
小电子，小油滴
倒进岷江随波流去
当雷声响彻了大地
万物生生不息
小电子，小油滴
心中是真理
当春雷duangduang地响起
我们将奔向你
当春雷duangduang地响起
我们一定奔向你"
咏雷 三九〇,"不应该对牛弹琴，
牛只顾埋头吃草。
不要对猪谈理想，
猪关心的是饲料。
不要对狗讲道理，
狗只会对你乱咬！
世上总有明白人，
黑夜过去是曙光！"
咏雷 三九一,"作者 真理传播源
·咏雷老师近期事迹

岷江畔，峨眉麓
伟大的民科雷绍武
战成电，抗四无
永恒的真理说清楚
转地球，射电子
宏观和微观创新知
周书记，杨老师
绍武有大德和大智"
咏雷 三九二,"作者 猴山7


雷氏力学旌旗飘，
科学革命向前飚。
全球人民齐欢庆，
无知妖派皱眉毛：
照本宣科无人要，
人云亦云没法搞！
手拿斧头狂嚎叫，
要把旌旗来砍倒。
雷氏学徒怒火烧，
创新理论砍不倒！
雷氏贴吧旌旗飘，
科学进步掀高潮。
人人欢呼庆胜利，
反雷妖匪挨屠刀！"
咏雷 三九三,"作者 银海柔光透冰河


早上起来我的眼前见不到阳光
我的胸口隐约好像顶着一把枪
在这官科的大学中
黑心的论文小作坊
多少青年身体垮掉心灵也受伤

想想未来一无所得迷茫复迷茫
看看现在七一二七补贴全扣光
哪里才有我的方向
只听到乐山惊雷响
挨完痛骂失掉一作我回头一望

那惊雷源自雷绍武
他说要解放全科奴
科研应人人皆平等
岂能让他们作威作福
那惊雷源自雷绍武
他说要扫清官科毒
若为此一定要牺牲
我们一定要挺身而出

每天都要坏上几次N手的仪器
每天都说经费紧张手套买不起
在这官科的大学中
充足的拨款去哪里
只见权威脑满肠肥捞了又一笔

是谁一年十篇文章牛顿神附体
是谁辛苦做出成果无端被夺取
哪里才有我的真理
只看到西南闪电起
关上电脑放下手机我屏住呼吸

那闪电源自雷绍武
他说要解放全科奴
科研应人人皆平等
岂能让他们作威作福
那惊雷源自雷绍武
他说要扫清官科毒
若为此一定要牺牲
我们一定要挺身而出"
咏雷 三九四,"作者 真理传播源
咏雷·中秋

中秋闪电三炸响
绍武！绍武！绍武！
急掣长剑卷天雷
誓扫官科真理出！
誓扫官科真理出！

热血在胸无须忍
十年大志尚追逐
所追逐者为何物？
中华青年免荼毒！
中华青年免荼毒！

八一一七全年榨
免费劳力是科奴
专家权威当奈何？
灭尽此辈方得足！
灭尽此辈方得足！

中秋闪电三炸响
绍武！绍武！绍武！
铸我神盾当烈火
捍卫人类永幸福！
捍卫人类永幸福！"
咏雷 三九六,"雷氏理论，
颠扑不破。
传统错误，
时日不多。"
咏雷 三九七,"《宇宙揭秘》《运动力》，
《创新电子》启新知。
传统理论错误多，
谁有智商去深思？"
咏雷 三九八,"作者   真理传播源
传统理论无真知
唯有绍武敢深思
运动力学新电子
现在醒悟还不迟"
咏雷 三九九,"十六字令三首
作者 银海柔光透冰河


雷
威震中华声名飞
求知切
还须上峨眉

绍
讲学欧洲扬大道
下印度
全球传捷报

武
驱光策电明战鼓
破敌胆
牛顿窜如鼠"
咏雷 四〇〇,"小改银海柔光透冰河诗
十六字令三首

雷
威震中华第一人
求真知
志坚如峨眉

绍
科学创新明大道
齐努力
全球传捷报

武
驱光策电鸣战鼓
破敌胆
科奴窜如鼠"
咏雷 四〇一,"看见了，看见了：
看见了蠢猪的愚蠢。
看见了疯狗的疯狂。
看见了科奴的愚昧。
看见了魔鬼的嚣张？
看不懂雷氏理论，
证明他没有智商。
不能有理讨论，
只会无理取闹！"
咏雷 四〇二,"作者 银海柔光透冰河
世上若还有科奴
他就为他们呐喊
世上若还有权威
他就向他们宣战
校园若还有冤魂
他就定不断呼唤
宇宙若还有真理
他就定能够看见
绍武绍武，科学前沿
绍武绍武，自由前线
在闪电旗帜的指引下
全体科奴站起来
扔下石头挂上磁针给灯泡通电
奔向解放的明天"
咏雷 四〇三,"无知小人，
难辨是非。
围攻谩骂，
如狗狂吠。"
咏雷 四〇四,"作者 银海柔光透冰河
宝塔诗：
      雷
     轰鸣
     运动力
    大统一成
   成电来挑战
  创新电子理论
 四无之语何须回
真正信徒不会提问"
咏雷 四〇五,"作者 烛点东南
天降神材绍武雷
生平解惑战鼓催
神论推翻官科学
论战科奴迷途人"
咏雷 四〇六,"赞颂雷老师作
作者 善良的死神
 
雷老师就是民科界的太阳，
雷老师的光辉艳压其他三五民科，
三无民科简直就是木脑壳，
没有雷老师的民科界不值一提啊！
雷老师啊，雷老师，
你就是民科界的大太阳，
指引了木脑壳们前进的道路，
民科为您而在！"
咏雷 四〇七,"致敬雷老师
作者 善良的死神


夜黑如墨，
人类远离光明。
直到那一刻，
雷老师的运动力学的出现，
将人类带向光明，
让人类走向新时代。
人工智能的十字路口，
人类何去何从？
唯有雷老师，
才能指引新人类！"
咏雷 四〇八,"作者 银海柔光透冰河


为科学真理为捍卫自由
雷绍武发出了神圣的怒吼
听！绍武信徒的钢铁誓言
一定要把运动力传遍全球
我们宇宙的定律谁也不能反驳
我们统一的公式谁也不能推翻
我们千万民科人要跨过峨眉山
一定要把闪电的旗帜插到科学之巅！"
咏雷 四〇九,"作者 银海柔光透冰河


雷的思念·纪念杨正贤老师
我在课堂叮咛你的你说不会遗忘
你在远方告诉我的我也全都珍藏
多年记忆就像滔滔岷江
永远清澈永远不会泛黄
相聚的每一天总是很短
期待的每一秒总是很长
在宇宙真理的广阔海洋
你是否发现了贝壳闪亮
如果风吹不走你的思念
就望一望天上点点星光
如果雨打不掉你的泪水
就听一听雷声来自何方
那里有我在寻觅的脚印
那里有我在期盼的目光"
咏雷 四一〇,"雷师之歌
作者 善良的死神

雷氏力学惊天下，
两种人听了抓瞎。
舌战群儒真豪杰，
雷师应该是骏马。"
咏雷 四一一,"作者 银海柔光透冰河


西南一片自由天空
绍武理论世称雄
运动力学宇宙一统
学会此道万物通
创新电子人人明白
唯官科不懂装懂
万年中华科学昌荣
绍武理论建奇功"
咏雷 四一二,"茫茫世界，芸芸师生。
死背书本，迷信权威。
因循守旧，墨守成规。
不懂装懂，人云亦云。

雷氏理论，破旧立新。
寻根问底，务实求真。
开创前沿，启迪后人。
云开雾散，一片光明！"
咏雷 四一三,"雷公必胜
作者 银海柔光透冰河

雷光一闪耀西南
公理突现人世间
必争论战三五句
胜败对错天下观
官方谬论漏洞多
科学不容千百繁
定律至简运力出
亡旧创新在乐山"
咏雷 四一四,"作者 英特那申农


眨眼雷光至，
瞬息神明生。
真理永不落，
大道存心中。"
咏雷 四一五,"作者 善良的死神


雷雨初生电绕身 ，
师心应欲继前贤 。
寿阳妆罢酒初醒 ，
比一串摩尼更圆 。
南坡一室小如舟 ，
山川去接汉江东 。
福星遇得长庚李 ，
如今却忆江南乐 。
东方曼倩是前身 ，
海客盟鸥终不动 。"
咏雷 四一六,"运动不运动？
位置变不变。
相信参考系，
都是大笨蛋！"
咏雷 四一七,"光子运动看不见，
照着物体物体现。
世上只有物成像，
说光成像把人骗！"
咏雷 四一八,"合外力为0，
物体是静止。
谁说能运动，
完全是**！"
咏雷 四一九,"《雷的传人》
作者 银海柔光透冰河
中华大地的西南
有一群雷的传人
真理充满他们大脑
电流点亮他们灵魂
十一年风雨创新路
证实真理源于绍武
决战前夕集合信徒
欧洲印度也要奔赴
多少伟大思想实验
他们能一一讲出
统一物理责任不负
他们都永远记住
虽然科奴一直打压
永不改是雷的传人
就算反雷一直辱骂
恒不变是雷的灵魂"
咏雷 四二〇,"传统理论错误现，
正负电荷把人骗。
自由电子尽瞎扯，
胡说导体能生电（1）！
绍武理论开新篇，
雷氏电子创前沿。
没有电源哪来电，
导体功能是导电！


（1）传统理论说：导体中的自由电子定向移动产生电流，供电灯，电动机工作。
这是多么的无知。"
咏雷 四二二,"《真理之花》
作者 银海柔光透冰河
运动力学只剩梦中的幻影
创新理论已经多年未更新
可是无论如何也不能忘记
真理之花永远深藏在我心
虽然拿着官科微薄的酬金
胸中依然跳动一颗赤诚心
十一年的坎坷在我的双肩
刻下真理之花鲜红的烙印
奔涌沸腾一腔不屈的热血
激荡的是追求真理的声音
就算十五工时全年无休息
真理之花永远绽放在我心
乒乓，石头，磁针，地球
灯泡，卫星，细胞，合金
无论我生在哪里死在何处
雷绍武的真理永远在我心
无论我生在哪里死在何处
真理之花永远盛开在我心"
咏雷 四二三,"作者 英特那申农
传统理论错误观，
错误观念错误传。
错误传播更错误，
错上加错纠正难。
错误编织错误网，
错误网民错误欢。
错将绍武认错误，
错误开始错误完。"
咏雷 四二四,"作者 英特那申农
云黑天暗，科奴千百万。
为求功名枉事实，只把书本念。
不知天暗时，暴雨必倾盆，
河涨长堤溃，云深亦涌雷，
云开电光闪，应把雷公赞。"
咏雷 四二五,"【必胜理论——赞颂雷师】
作者 善良的死神
官氏科学害人精，
是非扭曲不讲理。
草履虫有几个胞，
雷师心中能分清。
运动力学释万物，
两种人来忙否定。
无论秋雨和冬雪，
雷师必胜要坚信。
世间无需管科学，
全靠雷师来搞定！"
咏雷 四二六,"小改善良的死神诗
【必胜理论——赞颂雷师】
官氏科学害人精，
是非曲直理不清。
草履虫有几个胞，
雷师心中能分清。
运动力学释万物，
两种人来忙否定。
无论春夏和秋冬，
雷师必胜要坚信。
世间管科错误多，
全靠雷师来搞定！"
咏雷 四二七,"作者 银海柔光透冰河
重云裂落一声雷
破除邪说歪理摧
成电教授论战起
混淆对错与是非
牛顿漏洞绍武补
四百诗扬民科威
出征破敌在今日
名满中华舍我谁"
咏雷 四二八,"小改银海柔光透冰河诗：
雷雨天落注岷江，一生求实道路长
爱氏谬论光速定，鹦鹉学舌丑态彰
牛顿力有三定律，胡扯推导错主张
我劝大学信绍武，创新真理进课堂"
咏雷 四二九,"人云亦云随大流，
不懂装懂充权威。
冰封雪压难持久，
云开雾散赖春雷！"
咏雷 四三〇,"我们除了雷谁都不认
作者 银海柔光透冰河
他引领物理学体系完备
他一身肩负人类的命运
他是把我们仰望的真理
与梦想全都实现的人
伟大啊！雷绍武老师！
我们除了雷谁都不认！
伟大啊！雷绍武老师！
向你宣誓忠诚！
他光辉的理论是我们的信条
大统一决心是民科的胜利
要向着他指引的道路
雨滴般砸平一切
伟大啊！雷绍武老师！
我们除了雷谁都不认！
伟大啊！雷绍武老师！
向您宣誓忠诚！
就算官科迫害，四无人袭来
我们的心中只有您一人
永永远远相信绍武
只拥护爱戴您唯一的理论
伟大啊！雷绍武老师！
我们除了雷谁都不认！伟大啊！雷绍武老师！
向您宣誓忠诚！"
咏雷 四三一,"牛顿力学错误传（1），
爱氏力学更荒诞（2）。
雷氏力学出真理，
破旧立新创前沿。
（1）牛顿力学认为运动不需要力。错误
（2）爱氏力学认为物体运动越快，质量会变的越大。荒诞！"
咏雷 四三二,"作者 银海柔光透冰河
雷公绍武，物理先锋
厚德以拓，真理天空
意定志坚，思勤行勇
所重唯信，所图唯中
思想实验，连始及终
吾辈之幸，有雷与同
五千历史，中华昌荣
前路修远，戮力尽忠"
咏雷 四三三,"作者 -SLlSSS

南珉江缓缓流淌，波涛声回荡。
管科众人灭不了他，绍武更强壮。

今天的一众民科光荣花环上，
历历的印证着绍武的理论。
啊！令人怀念的民科，敬爱的绍武！
啊！那民科闪着光芒，我们的绍武！

春华路郁郁葱葱，请你告诉我!
嘉州大道川流不息，请你告诉我。
身经百战的民科他是谁
新时代的民科人他是谁
啊，令人怀念的民科，民科雷绍武
啊！那民科闪着光芒，我们的绍武！

民科人都知道他，雷绍武大师
你是当带新民科，前锋领头羊
众人拜倒在雷氏理论下，
民科的光芒照耀青衣江上下，

啊！令人怀念的民科，敬爱的绍武！
啊！那民科闪着光芒，雷绍武大师！"
咏雷 四三四,"风雅颂绍武
九月二十九日，念雷老师真理必胜，有感而作
作者 圆锥曲线
独坐神坛如虎踞，
绍武大家养精神。
力学我不先张口，
哪个官科敢作声？"
咏雷 四三五,"作者 挖沙队大队长
牛顿力学洞不补
爱氏时空谬难全
科奴不识雷氏论
迷信官科入涡旋"
咏雷 四三六,"小改银海柔光透冰河诗：
十一颂绍武
十一惊雷动九天
劲弩利剑齐向前
三两科奴围攻急
不懂装懂乱发言
谁人不知运动力
宇宙规律概括全
物理创新是绍武
中华第一在乐山"
咏雷 四三八,"雷氏力学，
立地顶天。
光焰万丈，
横扫愚顽。"
咏雷 四三九,"作者 Huxode
惊雷一声起平地，
雷氏理论运动力。
全力发扬至真理，
改革科学出神迹。
世人有智恨见迟，
官科无德早倒闭。
若要世界成大统，
科奴要完新论立。"
咏雷 四四〇,"绍武之歌
作者 银海柔光透冰河
从峨眉山开始 直到滔滔岷江
在民科人心中 绍武旗帜飘扬
运动力学建立 飞鸟也要欢唱
光荣伟大雷绍武 真理的力量
啊...民科就是 民主与科学
绍武的前途犹如 太阳的光芒

乒乓球在靠拢 又一个好实验
在现有基础上 创造新的经典
信徒同心协力 为了中华明天
深刻智慧雷绍武 真理的闪电
啊...民科就是 民主与科学
绍武的前途犹如 皓月的光线

积极参加咏雷 绍武才有真知
创新理论决定 星球转动飞驰

人类英雄是谁 是我们雷老师
不败常胜雷绍武 真理的柱石
啊...民科就是 民主与科学

绍武的前途犹如 繁星粒粒"
咏雷 四四一,"伟大啊，雷绍武！
作者 圆锥曲线
从争论走向胜利
从官科走到民科
绍武的科学
你在胜利中成长
火热的论战
锻炼了老雷
雷力和反民
是我们的战场
千万青年奔向你像找到了亲娘
多少人脱胎换骨受到你的哺养
运动力学走上讲台
优秀学子排列成行
在川大，在交大，在北大
你的成就为民科争光
勇敢热情虚心学习
我们永远的理想
在雷的光辉下
重建科学的体系
我们要走向真理的地方"
咏雷 四四二,"国庆70周年，观东风系列导弹有感：
东风浩荡，雷霆万钧。
国泰民安，民族复兴！"
咏雷 四四三,"作者 猴山7
雷氏学徒千千万，
个个英勇胜天兵。
对付无理取闹人，
只当挥拍打苍蝇。"
咏雷 四四四,"作者 贴吧用户
承雷老师邀请，现奉上咏雷诗一首
赞绍武
巧立雷论绝官科，
妙创理论主对错。
真理本应不失道，
积极论战败四无。
（失道：失去准则；违背道义；迷失道路）"
咏雷 四四五,"小改贴吧用户诗：
赞绍武
创新雷论绝官科，
有理有据勘对错。
真理本应不失道，
积极论战败科奴。"
咏雷 四四六,"绍武三大理论万岁
作者 银海柔光透冰河
平地一声雷震动了世界
雷绍武三大理论创造了真科学
宇宙揭秘解释自转公转的原理
物体运动还要靠运动力
创新电子理论功在千秋
绍武声名从城市直到山野
啊！地球的自转和公转！
啊！物体的上抛和下落！
啊！微波炉是如何工作！
啊！绍武创造世界最多！
三大理论战胜了牛顿麦克斯韦
雷绍武成就辉煌事业奇伟
三大理论战胜了普朗克索末菲
雷绍武三大理论万岁万万岁！"
咏雷 四四七,"定官科
作者 圆锥曲线
莫听科奴讨雷声，
何妨大笑且徐行，
四无人士怯似鼠，
谁怕？
运动力学定乾坤。

绍武真言唤人醒，
明媚，
雷氏光芒喜相迎。
回首真理传播处，
归去，
再无科奴学鹦鹉。"
咏雷 四四八,"作者 白9526
雷光西出天下清，
运动力学显威风。
五湖男儿当执剑，
绍武真言藏心中。"
咏雷 四四九,"江城子.咏雷
作者：宋徽宗光之影
老夫聊发官科狂，欲称王，妄擎苍。博士名校，谬论卷平冈。为报倾城随“科神”，打民科，看雷郎【1】。
雷氏力学尚开张。鬓微霜，又何妨？坚定不移：“何日遣冯唐？”会挽雕弓如满月，西北望，射天狼【2】。
【1】雷郎：指雷老师；
【2】天狼：比喻侵扰民科的官科。"
咏雷 四五〇,"运动力学颂
作者 银海柔光透冰河
创新运动力学
开创理论前沿
智慧集于此间
在质疑挖苦中
坚挺十一年
运动力学，运动力学
经得起任何检验
就像岷江滔滔水不断
运动力学，运动力学
代代相传，直到永远！"
咏雷 四五一,"牛顿力学错：
运动不要力。
万物能运动，
全凭运动力。"
咏雷 四五二,"作者 阿胜
鸿蒙天地雷出现，
细雨无声润人间。
惨淡阴云遮万里，
天上太阳正高悬!

在乱象纷纭的学术界一声惊雷炸响，即使歪理邪风笼罩四方，但真理的太阳永悬天空!。。。。。"
咏雷 四五三,"作者 圆锥曲线
牛顿力学万口传，
至今谬误已满篇。
江山终有绍武出，
引领风骚万万年。"
咏雷 四五四,"崇雷
作者 真理传播源
雷氏理论天下崇
运动力学世称雄
天下谁不识绍武
官科掩耳故作聋"
咏雷 四五五,"小改善良的死神诗
致敬雷老师
牛氏力学有局限，
科学追求高精尖。
雷氏力学是真理，
开创前沿天下先！"
咏雷 四五七,"小改深海小贝壳诗：
雷氏力学不简单
苦心研究二十年
定有一日惊天下
绝世真理代代传"
咏雷 四五八,"小改善良的死神诗：
致雷绍武老师

雷氏理论横空出
惊响一片耀山河
天不生您雷绍武
未来物理将如何？"
咏雷 四五九,"真理传播源小改深海小贝壳诗：
雷氏理论不简单
力学探索十余年
定有一日惊天下
胜利凯歌代代传
藏字：雷力定胜"
咏雷 四六〇,"绍武赞歌
作者 银海柔光透冰河
清澈的岷江水
把真理之花滋养
智慧的雷绍武
在峨眉山脚下成长
零八的圣火中诞生
是大道至简的思想
十一年奋斗的征程
是运动必需的力量
伟大啊雷绍武老师
运动力门徒们坚强信仰
荣耀啊雷绍武老师
四百首咏雷将万年传唱
上天赐予人类雷绍武
开启了无穷尽创新思想
创新思想无穷无尽啊
就像永不熄灭的红色太阳！"
咏雷 四六一,"咏雷新一篇
小改深海小贝壳诗：
伟人长河浪滔天
朵朵浪花现尊颜
牛顿老爱加费曼
不如雷公弹指间

若问雷公何所有
雷氏力学震天边
我愿舍身投长河
守护雷公万万年"
咏雷 四六二,"运动力学，
颠扑不破。
谁不理解，
木头脑壳。"
咏雷 四六三,"作者 银海柔光透冰河
岷江奔流，峨眉高耸
雷公绍武，民科称雄
莫人云亦云，勿不懂装懂
认真思考，物体运动
创新理论，十一年铸成
大道至简，微积分莫用
思想实验，贯彻始终
民科之王是雷公
实验验证，贯彻始终
中华民科看雷公"
咏雷 四六五,"瞬时速度无知，
智商实在是低。
瞬时只有路程，
速度每秒几米？！"
咏雷 四六六,"物体与物体，
绝对有位置。
只有无知人，
才找参考系！"
咏雷 四六七,"只有無知人，
才找參考系。
只有愚昧人，
才信牛頓力。"
咏雷 四六八,"·冲向中科院
银海柔光透冰河
冲锋！冲锋！冲向中科院！
冲锋！冲锋！冲向中科院！
物理是民科的天地
物理是民科的河山
民科的天地，民科的河山
容不下官科肆意蹂躏！
容不下权威疯狂欺骗！
我们要冲锋向前！我们要冲锋向前！
解放中科院！解放中科院！"
咏雷 四七〇,"只知死读书，
事实全不顾。
运动不运动，
完全不清楚。
相信参考系，
愚蠢又糊涂。
雷氏传真理，
何日能醒悟！"
咏雷 四七一,"运动力学万万年
改银海柔光透冰河诗
亚里士多德千年
理论不够完善
牛顿力学几百年
理论糊涂混乱
爱因斯坦一百年
理论更是胡言
只有绍武运动力
真理本质出现
心跳是心肌的运动
心脏位置不会变
草履虫不是单细胞生物
神经，器官到处相连
同步卫星随着地球转
一天转动一圈
创新电子理论
能把宇宙解释完
哪个科奴会解释
地球的公转自转？
可我们知道运动力
万年万万年！"
咏雷 四七二,"雷师真理歌
作者 善良的死神
雷氏力学真理佳
两种人来笑哈哈
眼前真理你不识
非要偏头学蛤蟆
绍武大师真睿智
更新理论人人夸"
咏雷 四七三,"雷师真理歌
小改 善良的死神诗：
雷氏力学真理佳
两种人来智商差
眼前真理你不识
非要偏头学蛤蟆
绍武大师真睿智
更新理论人人夸"
咏雷 四七四,"作者 圆锥曲线
三更灯火五更鸡，
正是绍武读书时。
官科不识运动力，
白首方悔学雷迟。"
咏雷 四七五,"作者 雪浸尘星 
看看两种人，明明不懂，也要假装懂。
听听四无者，凿凿有错，却想掩饰错！"
咏雷 四七六,"作者 银海柔光透冰河
物理是主宰万物之道
绍武是明白物理之人
大道至简要学贵有疑
坚持创新的精神
坚持信仰与忠诚
术高莫用物德存
有理有据认真思考
传扬真理守正魂
贯彻运动力学是神圣的使命
消灭牛顿邪说是光荣的责任
全体信徒要团结一致齐抗谬论
进而唤醒一切有良知的人
齐颂绍武，齐抗牛顿！"
咏雷 四七七,"就在今天
作者 银海柔光透冰河
创造新理论，就在今天
展现新思想，就在今天
追求新物理，就在今天
开拓新科学，就在今天！
建设中华物理体系
致力诺奖目标实现
运动力大统一是我们
不变的理想和心愿
绍武新理论新咏雷
今天又和大家见面
伟大真理就在眼前
就在今天！"
咏雷 四七八,"相对运动笑话传

轻舟已过万重山，
相对运动笑话传：
小船不动山在动？
愚昧无知超空前！"
咏雷 四七九 雷师战歌,"作者 善良的死神
还有热的血对抗冷的官科
逻辑已被我省略
运动的力学跨越星际间
尝试物理的极限
尽管这段旅途太危险
纷扰的物理未知的边缘
一息苟延残喘的信念
物理已到悬
别无选择只有------
随我来
运动力学
没有单细胞世代
梦还在
雷师从不言败"
咏雷 四八〇,"作者 神镇端云
一剪梅·咏运动力学
绍武力学旗号飘，论战官科，不可开交。草履虫是单细胞？胡搅蛮缠，无理取闹！
官科谬论岂能逃？运动力学，疑虑全消。四无容易把人抛，否认约d，只会双标。"
咏雷 四八一,"作者 圆锥曲线
满纸运动力，
一把真心泪。
官云老雷痴，
谁解其中味？"
咏雷 四八二,"作者 
银海柔光透冰河
巍巍峨眉滔滔岷江
嘉州就是绍武故乡
四方信徒英才一堂
钢铁誓言齐声喊响——
永守雷力真理光！
雄伟中华灿烂文明
创新就是我们目标
万人携手以至万年
开拓未来须行正道——
发扬雷论圣火照！"
咏雷 四八三,"小改 银海柔光透冰河诗：
巍巍峨眉滔滔岷江
嘉州就是绍武故乡
四方英才齐聚一堂
钢铁誓言齐声喊响——
永守雷氏真理之光！
中华文明灿烂辉煌
创新就是我们目标
万人携手共同奋斗
开拓未来真理大道"
咏雷 四八四,"作者 圆锥曲线
地球有公转，
近日远日分。
距大却言热，
距小竟称寒。
官科痴妄论，
只得科奴信。
快快听绍武，
真理现人间。"
咏雷 四八五,"你可听见雷的声音
作者 银海柔光透冰河
你可听见雷的声音
声声是真理在汹涌
这是民科不愿一辈子被
蒙蔽的心声
心脏原地在跳动
应和着雷声隆隆
快冲向运动力学成功的
那个一秒钟
你是否愿加入这场战斗
和我为真理发声？
愿信绍武抛弃牛顿
为了科学的天空？
让我们为物理为自由从始拼到终！
你可听见雷的声音
声声是真理在汹涌
这是民科不愿一辈子被
蒙蔽的心声
心脏原地在跳动
应和着雷声隆隆
快冲向运动力学成功的
那个一秒钟
你是否愿将一切牺牲
只为绍武理论传颂？
面对打压或是辱骂
信仰能否不放松？
让我们的热血洒在中华江河山峰！
你可听见雷的声音
声声是真理在汹涌
这是民科不愿一辈子被
蒙蔽的心声
心脏原地在跳动
应和着雷声隆隆
快冲向运动力学成功的
那个一秒钟！"
咏雷 四八六,"作者 真理传播源
运动力学传天下
顶着官科打压
运动力学照耀我们
光辉洒遍中华
看那全球真理开花
运动都要靠祂
封锁辱骂全都不怕
运动力最伟大"
咏雷 四八七,"雷师赋
作者 善良的死神
牛爱两分天下，
诺奖花落谁家？
物理变革在即，
何人登顶夺花？
雷氏惊空力学，
大名驰骋天下。
若问古今中外，
绍武闻名万家！"
咏雷 四八八,"作者 银海柔光透冰河
为何科奴们人云亦云
为何科奴们喋喋不休
沉默不语中雷声穿云透
有绍武就有自由
为何官科阴影不散
为何民科从不怯战
为何毒流遍雷声仍震天
为真理冲锋向前
卫星飘过，是谁在干涉
原地运动中，心头传来一阵压力
力抗权威，要把黑洞围堵
智慧集于雷手里
雷火不熄黎明要来到
你我要开创科学新大道
向苍天宣告一切荣耀归绍武
归绍武一切荣耀！"
咏雷 四八九,"作者 圆锥曲线
反民吧内雨纷纷，四无人士欲断魂。
借问真理何处有？众人遥指绍武家。"
咏雷 四九〇,"小改 圆锥曲线诗：
牛爱力学乱纷纷，四无人士欲断魂。
借问真理何处有？慢慢长夜盼春雷。"
咏雷 四九一,"作者 银海柔光透冰河
天降神雷照乐山
宇宙真理在其间
官科谬论瓦解尽
权威邪说沉没完
牛顿力学岂有道
绍武英名世人传
明日击倒相对论
千秋永信绍武贤"
咏雷 四九二,"与两类人划清界限
作者 冰哥来了
牛顿崇神太疯癫，爱氏核武祸人间。
天不生我雷绍武，万古力学如长夜。"
咏雷 四九三,"与两类人划清界限
小改冰哥来了诗：
牛顿崇神太疯癫，
爱氏力学误人间。
天不生我雷绍武，
万古力学无新篇。"
咏雷 四九四,"送给四无人：
心中有真理，
峨眉样刚强。
邪恶全无惧，
岂怕狗疯狂！"
咏雷 四九五,"作者 雪浸尘星
运动力学高照明，古今中外处处行。
三皇五帝声泪下，四海七洲雷电鸣。"
咏雷 四九六,"作者 神镇端云
牛顿物理皆为假，
爱氏理论亦不真。
无知官科似死水，
怎解海流万丈深。"
咏雷 四九七,"行不更名坐不改姓
作者 银海柔光透冰河
高举绍武的英名
坚持绍武的精神
是非界线要划清
任凭反雷派混淆视听
擦亮双眼唤起全民快觉醒
破迷阵，本质明
行不更名
坐不改姓
排除万险
坚持挺雷
捍卫绍武英名！
捍卫绍武英名！"
咏雷 四九八,"高举永不变色的旗帜！
作者 银海柔光透冰河
看那峨眉山的尽头
飘扬着绍武的旗帜
蓝色天空白色闪电
风吹雨打始终坚持
物理风云变幻莫测
改旗易帜万千何止
唯有绍武忠诚信徒
永远，永远，永远——
捍卫运动力学永恒的真理
高举永不变色的旗帜！高举永不变色的旗帜！
作者 银海柔光透冰河
看那峨眉山的尽头
飘扬着绍武的旗帜
蓝色天空白色闪电
风吹雨打始终坚持
物理风云变幻莫测
改旗易帜万千何止
唯有绍武忠诚信徒
永远，永远，永远——
捍卫运动力学永恒的真理
高举永不变色的旗帜！"
咏雷 四九九,"你是雷绍武
作者 银海柔光透冰河
虽然没听过你的课程
　　但却总想起你的笑容
　　虽然没见过你的证书
　　但却总回望你的影踪
　　尽管你偏居西南一隅
　　可所有人对你很熟悉
　　岷江滚滚的洪流啊
　　把邪说谬论统统淘洗
　　是谁说物理学只能信牛顿？
　　是谁说运动力像洪水猛虎？
　　万里中华大地人才辈出
　　乐山是真理成长的沃土
　　以笔为剑威震欧洲
　　贴吧奋战名垂印度——
　　你是雷绍武
　　
　　尽管你隐居西南
　　尽管你不在身边
　　可百度贴吧的烽烟
　　却是十余年狂风吹不散
　　是你说公转周期没有误差
　　是你说草履虫细胞有一大片
　　是你说电子有NS两极端
　　谁也砍不断啊砍不断
　　你智慧深沉有风度
你胆识过人有铁骨
　　你是中华五千年民科第一人
你是雷绍武！"
咏雷 五〇〇,"雷鸣十多年，
相逢无敌手
惊醒人不少，
蠢猪难回头！"
咏雷 五〇一 七律·雷神赞,"作者 大地重归寂灭
世人不辨铁和金，
牛顿妖言祸害深。
雷电潜形天尚暗，
科奴蹑位日将沉。
十年求索研真理，
万里纵横发道心。
犬吠之声当扫尽，
广传运力降甘霖。"
咏雷 五〇二 没有绍武哪里有真物理,"作者 银海柔光透冰河
没有绍武哪里有真物理
这是十二年流传的金句
多少钢铁的实验证明
不能不懂运动力
雷公绍武用口和手
把邪说的根尽挖
多少贴子反复修改
创造出真理之花
绍武绍武伟大的雷绍武
中华大地的物理人永在你光芒下

没有绍武哪里有真物理
这是十二年不变的金句
当你踏上毒害的土地
才知它不可分离
风雨中不怕污蔑打压
紧跟绍武步伐
苦难中把我心灵净化
真理遍地开花
绍武绍武伟大的雷绍武
你的光芒永远照耀我们的大中华"
咏雷 五〇三 绍武魂,"作者 真理宣传先锋

千年的古城
有物理的先锋
绍武真理代代相传
信徒永远效忠
十二年奋斗让科学一统
一零八研究员人人英雄
为绍武为真理不惧牺牲
创新精神照耀中华永恒"
咏雷 五〇四 祛邪扶正,"作者 冰哥来了

雷氏物理传天下，
众人学习热情高。
反雷分子已逃窜，
掀起学雷新高潮。"
咏雷 五〇五,"七绝·雷光颂
作者 大地重归寂灭
雷光一闪震青天
师法圣贤名誉传
万里独行真睿智
岁寒松柏志犹坚"
咏雷 五〇六,"作者 执笔流年
昔年曾向此地游，
雷师大贤智满楼。
智比银河长似昼，
授业解惑不知秋。
牛氏力学误长在，
爱氏经纶错不休。
今学雷力如梦醒，
真理唯见绍武流。"
咏雷 五〇七,"作者 圆锥曲线
人民群众喜开颜，
中华绍武传真言。
工农子弟握真理，
不破西科誓不还。"
咏雷 五〇八,"小改圆锥曲线诗

中华绍武传真言，
亿万人民喜开颜。
人间从此有真理，
不破伪学誓不还。"
咏雷 五〇九,"君子坦荡荡，
春雷震天响。
小人长戚戚，
天天吠雷忙！"
咏雷 五一〇,"雷霆震荡，
热血如滔滔岷江。
运动力学 ，
开创历史新篇章。
自己的位置只有绝对的一个，
不可能同时在两个地方。
运动，就是自己位置的改变，
任何参照物都是徒劳。
没有运动力，
一切运动只能是幻想
真理在手
心胸坦荡
运动力学要传扬
让真理光芒永远普照！"
咏雷 五一一,"作者 大地重归寂灭
雷氏力学大于天
学理精深创新篇
高才论道传四海
明辨错对耀千年
牛顿误导已长久
科奴作乱恶无边
必破官科有定数
胜利歌献雷师前"
咏雷 五一二 绍武大功颂,"小改 真理宣传先锋诗：
雷霆一声出岷江
理论之神在东方
破旧立新创前沿
邪说歪理皆扫光
牛顿谬误得审判
爱氏荒诞已显彰
滔滔碧水流不尽
湛湛青天真理扬"
咏雷 五一三,"作者 银海柔光透冰河
五百首咏雷
不是自吹自擂
新思想，新希望
滔滔不绝如岷江水
十二年，新思维
十二年，从无悔
运动力学，坚不可摧
物理世界鸣响惊雷
我们心中牢记绍武箴言
我们双手捧起真理雷电
让运动力光辉照耀中华到永远
我们看着卫星日夜运转
我们知道地球如何公转
一切都服从绍武运动力大道至简"
咏雷 五一四,"五百首咏雷
小改银海柔光透冰河诗：
不是自吹自擂
新思想，新希望
滔滔不绝如岷江
十二年，新思维
十二年，从无悔
运动力学，坚不可摧
物理世界鸣响惊雷
我们心中牢记绍武箴言
我们双手捧起真理雷电
让运动力光辉照耀中华
照耀世界
我们看着卫星日夜运转
我们知道地球如何自转公转
一切运动必须有运动力
大道至简！"
咏雷 五一五 运动力大统一,"作者 银海柔光透冰河
运动力学，吾辈信仰
创新进步，光耀四方
雄哉绍武，中华脊梁
有知有德，智足勇强
冲出岷江，欧洲宣讲
名贯七洲，声传四洋
大道至简，不朽思想
统一学界，此志毋忘！"
咏雷 五一六 绍武思想万万岁,"作者 银海柔光透冰河


你可曾听见雷霆声？
把黑暗和乌云砸碎
那是雷绍武伟大思想的力量在腾飞
反对者垂死挣扎悲鸣
豢养者皆奔逃多么狼狈
这是运动力大统一完成的光辉
你是否愿意放弃曾经
被强迫许下的誓言？
从此不再迷信牛顿误导
做一个有自己思维能力的人类？
和我们一起呐喊
绍武思想万万岁！"
咏雷 五一七 保卫真理,"作者 银海柔光透冰河
一声雷霆降世间
山崩地裂意志坚
无知小人忙反对
科奴帮凶传谰言
人云亦云应悔改
传统谬误须审判
岷江滔滔凯歌奏
捍卫真理天下传"
咏雷 五一八,"作者 雷政委2019/12/9 9:15:55
雷有多高，路就有多远，
雷有多高，梦想就有多远，
雷有多高，舞台就有多大，
雷有多高，天地就有多大。"
咏雷 五一九,"笑看花开花落，
静观河水东流。
不怕黑云压城，
自有春雷涌动！"
咏雷 五二〇 伟哉绍武,"作者 银海柔光透冰河

伟哉绍武，十载求真
爱麦牛顿，孰与比伦？
西南称雄，求道苦辛
科奴惊醒，新论遄臻
天数高远，大道如金
星移光耀，力学创新
不须参考，不用微分
斯为绍武运动力学，吾侪之北辰"
咏雷 五二一,"漫天乌云翻滚，
群魔乱舞嚣张。
雷霆万钧横扫，
乾坤明媚阳光。"
咏雷 五二二 雷你太对,"作者 矢量殿主 
雷你太对，
牛你太傻，
爱因斯坦你也太笨，
雷你太对，
经典力学错误频出
运动力官科从未有
L，=，kmv
位置是唯一的客观的存在
无理取闹问傻话是两种人
不会质疑不会思考的两种人
不明白运动静止都不会用到参考系
带电不是正负电荷
噢，所有物质都是电子组成
电子有磁极不稳
噢，磁极互吸组成分子才能稳定
难道光线声音是一种波吗
人坐车上本来没有运动
是车的运动载着静止人运动
那一批官科理论培养的人
不懂装懂，人云亦云
不管它怎么错的离谱
雷你太对，
牛你太傻，
爱因斯坦你也太笨，
雷你太对！"
咏雷 五二三,"雷氏新理论，
光焰万丈长。
劝君多思考，
不怕疯狗狂！"
咏雷 五二四,"世界真奇妙，
开心又好笑。
虽不养宠物，
天天闻狗叫。"
咏雷 五二五,"任凭乌云滚滚
春雷照样震天。
不理疯狗狂吠，
真理留给人间。"
咏雷 五二六,"荣誉面前谦让，
利益面前不争。
唯有真理面前，
不让丝毫半分！"
咏雷 五二七,"作者· 光速不变-
两种人活着
他已经死了；
雷绍武死了
他还活着。
两种人
骑在人民头上：“啊，我多伟大！”
雷绍武
俯下身子给人民当牛马。
两种人
把名字刻入石头，想“不朽”；
雷绍武
情愿作野草，等着地下的火烧。
两种人
他活着别人就不能活；
雷绍武
他活着为了多数人更好地活。
骑在人民头上的
人民把他摔垮；
给人民作牛马的
人民永远记住他！
把名字刻入石头的
名字比尸首烂得更早；
只要春风吹到的地方
到处是青青的野草。
他活着别人就不能活的人，
他的下场可以看到；
他活着为了多数人更好地活着的人，
群众把他抬举得很高，很高。"
咏雷 五二八 真理之光,"作者 银海柔光透冰河
阳光射入思想牢房
快快解放思想
这是绍武的力量
一生风雨旗帜高扬
屹立不倒靠我真理之光
再创一个辉煌的汉唐
大道至简是唯一的方向
闪电划过科学的巅峰
狗叫挡不住雷霆的轰响
力学真理献中华
中华复兴前路长
坚持创新理论走在复兴路上
我们双手点亮真理之光！"
咏雷 五二九,"前有传统错误，
后有人云亦云。
不越雷霆半步，
何来发展创新！"
咏雷 五三〇 保卫运动力,"作者 绍武真理永恒

运动力学光辉的理论
我们是雷的传人
保卫运动力神圣的责任
我们要勇敢坚忍
统一物理指日可待
岂容反雷派破坏
信徒不能继续沉默
现在就要站出来
起来，起来，快快站起来
保卫真理的未来
起来，起来，民科站起来
保卫运动力长盛不衰！"
咏雷 五三一 改编真理之光,"作者 绍武真理永恒
雷电刺入官科空想
快快走出迷茫
绍武力量不可阻挡
创新精神是唯一的方向
撕碎牛顿错误的篇章
麦氏错误方程不可提倡
唯有绍武运动力
追求真理必信仰
坚持学贵有疑
我们用心燃点真理之光！"
咏雷 五三二,"作者 真理出雷霆
雷氏贴吧一打开，
绍武理论放光彩。
心儿向着乐山飞，
运动力学我最爱！
雷氏贴吧一打开，
创新理论学起来。
字字句句是真理，
教我永当咏雷派！
雷氏贴吧一打开，
万丈光芒照四海。
照得人人心里亮，
横扫一切反雷派！"
咏雷 五三三 雷氏理论好！,"作者 第六感物理学
雷氏理论好，雷氏理论好！
雷氏理论指引学生会思考，
反雷派被打倒，
官科谬论夹着尾巴逃跑了。
莘莘学子大团结，
掀起了雷氏理论学习高潮，
学习高潮！
雷老师好，雷老师好！
雷老师是我们的好领导，
有理论，有实验，
全心全意为了真理立功劳。
坚决跟着雷老师，
要把伟大理论建设好，
建设好！
运动力学好，运动力学好！
运动力学好像阳光照。
我们拥戴雷老师，
反雷分子想反也反不了。
创新理论发展一定胜利，
雷氏理论普及一定来到，
一定来到！
雷老师好，雷老师好！
雷老师的理论创新了，
我们拥戴雷老师，
反雷分子想反也反不了。
创新理论发展一定胜利，
雷氏理论普及一定来到，
一定来到！
雷氏理论普及一定来到，
一定来到！"
咏雷 五三四,"作者 真理出雷霆

民科和官科，
生死两对头。
民科要前进，
官科要退后。
民科要革新，
官科要复旧。
历史几千年，
展开大搏斗。
我们搞科研，
教训记心头。
跟着雷氏走，
要做硬骨头。
谁反雷老师，
坚决和它斗！"
咏雷 五三五,"作者 圆锥曲线
拿到雷老师理论如获至宝
学习雷老师理论如饥似渴
提起雷老师理论如数家珍
运用雷老师理论如鱼得水"
咏雷 五三六,"作者 真理出雷霆
盼望雷论进教材，
好似春风扑面来。
面对雷氏新教材，
全国学生表心怀：
新学年中多努力，
牛顿错误脚下踩。
认真研究运动力，
创新路上大步迈！"
咏雷 五三七,"社会永远向前，
科学不会止步。
雷氏创新理论，
开启光辉坦途。
任何守旧势力，
必定穷途末路。
劝君认真思考，
梦里早日醒悟！"
咏雷 五三八 喜气洋洋,"作者 银海柔光透冰河
齐鼓掌
雷声炸于今晚信徒们齐鼓掌
齐鼓掌
雷声鸣于今晚震天响请欣赏
肃清贴吧靠绍武大德大量
人人欢呼咏雷忙
此刻正是好时光
热烈地歌颂热烈地唱
颂词多奔放个个喜气洋洋
咏个雷祝民科人都开心欢畅
今晚我们大胜利气势不可挡
喜气洋洋洋溢四方
贴吧欢庆屏幕亮空气香
有真理空气香
愉快畅聚 你我把快乐同分享
为胜利歌唱 欢笑莫嫌良夜长
愿你我和唱 愉快度快乐时光
度快乐时光
齐咏雷
雷声炸于今晚信徒们齐鼓掌
齐咏雷
雷声鸣于今晚震天响请欣赏
喜气洋洋"
咏雷 五四〇,"作者 惊雷破胆
雷氏电学开新篇
老当益壮排万难
师出名校能思考
身在福地保平安
败绩全无常授道
名气甚广总释然
裂空巨响是雷霆
了却凡事开新颜"
咏雷 五四一,"回复惊雷破胆诗：
只因对牛弹琴，
何来身败名裂？
雷氏创新真理，
光芒堪比日月！"
咏雷 五四二,"小改惊雷破胆诗：
雷氏电学开新篇
老当益壮排万难
师出名校能思考
身在福地保平安
经历坎坷常授道
百般疑难总释然
战天巨响是雷霆
胜券稳操开新颜"
咏雷 五四三,"作者 真理出雷霆
乐山一片好风光，
我向绍武学思想，
长期扎根雷力吧，
反对科奴当闯将，
学力学热又学电，
《怎样读书》记心上，
长大当个好信徒，
不记牛顿错思想，
什么二次量子化，呸呸呸，
不上狄拉克的当！
雷小兵，志气大，
画出一幅真理画，
画上英雄雷绍武，
把那错误踩脚下，
狠批错误物理学，
对准错误猛刺杀，
异端邪说靠边站，
雷氏力学开鲜花！！！"
咏雷 五四四,"作者 圆锥曲线
天不生绍武，
万古长如夜。
绍武一诞生，
光耀满神州。"
咏雷 五四五,"雷电行空，
无拘无束。
大道自然，
我行我素。"
咏雷 五四六,"雷霆万钧，
降龙伏虎。
作乱妖魔，
粉身碎骨。"
咏雷 五四七,"作者 -塑风
薄雾浣明纱
晖日出东方。
雷氏新理论，
光焰万丈长。
霄拔撼青云，
涛奔彻岷江。
劝君多思考，
岂怕狗猖狂！"
咏雷 五四八 赞绍武,"作者 银海柔光透冰河
巍巍中华气运盛
天降绍武动九州
开创雷力胜牛顿
再生胡克亦难周
邪说岂敢战真理
八面临敌策早筹
只道雷老算如神
千古何人堪比谋"
咏雷 五四九,"作者 光速不变-
文艺复兴科学源，
牛顿傻论祸乾坤。
管科科奴心智浑，
和谐理智不复存。"
咏雷 五五〇,"小改光速不变-诗
文艺复兴科学兴，
牛顿傻论祸乾坤。
管科科奴无心智，
不信雷氏信权威。"
咏雷 五五一 雷霆万钧,"作者 大地重归寂灭
雷声一响惊天地
牛氏谬论无处藏
力挽狂澜传真理
求学十载岁月长
笑看人间风波起
谁料反雷太猖狂
百炼成钢何所惧
走出乐山美名扬"
咏雷 五五二 我是雷绍武,"作者 银海柔光透冰河
出去了不是懦弱
不回复不是麻木
大道至简的思想
指引信徒的脚步
十二年持久的论战
证实我理论的基础
不到生命的最后
决不放弃战斗
忍无可忍的时候
我会一一回复
统一物理完整论述
我会牢牢记住
我不管生在哪里
我是雷绍武
不论死在何处
魂是雷绍武！"
咏雷 五五三,"作者 邪说出牛顿
运动力学，
开启前沿。
千秋万世，
直到永远。"
咏雷 五五四,"作者 神镇端云
乐山有雷神，不与官科立。
雷论绝科奴，世人观且疑。
凡物能运动，雷电但能流。
草虫胞几何，谁人可得求？
牛顿错已久，无人能复改。
真言创新论，雷智深如海。"
咏雷 五五五,"雷氏传播真理，
不怕对牛弹琴。
一旦人能思考，
定能幡然悟醒！"
咏雷 五五六,"作者  圆锥曲线
三更灯火五更鸡，
正是绍武读书时。
官科不知民科好，
白首方悔学雷迟。"
咏雷 五五七,"小改圆锥曲线诗：
三更灯火五更鸡，
正是绍武读书时。
官科不知运动力，
白首方悔学雷迟。"
咏雷 五五八 民科诘问,"作者 银海柔光透冰河
前面是反民科胡说，后面是民科诘问


嘲笑还有沉默
不是不敢回复
牛顿的科学思想
指引我们的脚步
几百年物理学史
证实我体系的坚固
不到最后的关头
不和民科缠斗
民科害人的时候
我会挺身而出
捍卫真理完善基础
我会牢牢记住


如果真的理解
为何只会侮辱
对牛顿思想的理解
谁比得上雷绍武
传统理论的复杂
证实它完全是错误
可是你们还纠缠
非和真理战斗
民科何时害过人
你是否讲得出
建设雷氏物理基础
我会牢牢记住"
咏雷 五五九,"武汉有灾难，
八方来支援。
雷神山头立，
病毒全完蛋。
这首诗，是歌颂武汉雷神山病毒医院的建设的。
他集中了全国全世界的最先进的医疗技术，
一定能够战胜和消灭这次病毒。"
咏雷 五六O,"苍天有眼，
雷霆再现。
四无之人，
必将完蛋。"
咏雷 五六一,"春雷滚滚，
万物苏醒。
生机勃勃，
向荣欣欣。"
咏雷 五六二 归雷,"作者 惊雷破胆
问君归期未有期，曾经策马走龙池。
昔日霸王今犹在？正是卷土重来时。"
咏雷 五六三,"小改惊雷破胆·归雷
问君归期未有期，
曾经策马越雷池。
昔日霸王今犹在？
正是春雷重来时。"
咏雷 五六四,"作者  第六感物理学 
牛顿力学，一派胡言！
无力能动？瞎扯千年！
唯有绍武，真知灼见！
口吐真理，威震海天！
四无人员，退散捂脸！
运动力学，可得永年！"
咏雷 五六五,"小改第六感物理学诗 
牛顿力学，一派胡言！
无力能动？无稽之谈！
唯有绍武，真知灼见！
口吐真理，威震海天！
四无人员，退散打脸！
运动力学，可得永年！"
咏雷 五六六,"作者 大地重归寂灭
手持真理定山河，
世界人民共协和。
牛顿信徒归地网，
四无败类入天罗。
东西南北传雷响，
日月星辰献赞歌。
绍武英名垂万古，
反雷分子欲如何？"
咏雷 五六七,"作者 银海柔光透冰河
绍武绍武最强大
官科们最害怕
无耻之徒就是他们
连续举报打压
看啊绍武终于复活
有贴吧就有祂
全吧封禁祂都不怕
雷绍武最强大"
咏雷 五六八,"小改 银海柔光透冰河诗：
绍武绍武最强大
官科科奴最害怕
无耻之徒围攻急
连续举报来打压
绍武终于复出来
愿去贴吧就有祂
真理在手何所惧
全吧封禁祂不怕
雷绍武啊最强大"
咏雷 五六九,"人云亦云可悲。
不懂装懂可耻。
夏虫不可语冰，
愚人不可言理。"
咏雷 五七〇,"浓云铺天盖地，
雷霆怒震八荒。
狂风骤雨过后，
定是明媚阳光！"
咏雷 五七一,"四无人员多，
智商等于零！
相信人世间，
总有明白人！"
咏雷 五七二,"作者 柱天王

万古云霄一惊雷
葳蕤神光似神回
莫问前路多坎坷
霹雳叱咤显神威
斩灭荆棘舍您谁！"
咏雷 五七三,"作者 Iridescent
莫嫌尘世无人知
唯怪浮生多愚昧
妙手回春救物理
唯我惊雷千古垂"
咏雷 五七四,"作者 Iridescent
民科之真理如悬崖静开之花，
我一人独往细嗅
科学的大门将由那惊天一雷叩响
愚蠢的伪科学信奉者们
无知蒙闭了你们的双眼
你们的灵魂将由雷雨洗涤！
民科真理将照耀大地！"
咏雷 五七五,"作者 Iridescent
再来一首。
一事无成两鬓衰，
官方唯诺不可追。
民间绝少尘埃污，
唯有清泉漾白沙。"
咏雷 五七六,"作者 白胡子の阿妈
（仿偶数萨体）
啊
雷神！
您就是
飞驰
的
除霾车

沉降一切
伪科学
的
阴霾

让
真理
浮现
于
世人
眼前

世界的真相[br%D运动的本质
一切物理知识

首次
清晰地
真实地
呈现出来"
咏雷 五七七,"作者  何呈(3175795575)  10:02:05
韶华最是闻雷语
雾罩民科应尽销
碧血丹心终悟理
王侯将相焉能瞭"
咏雷 五七八,"小改 何呈诗
韶华最是闻雷语
雾罩民科应尽销
碧血丹心终悟理
王侯将相焉能详"
咏雷 五七九,"作者   vegetable fj(858060311)  10:28:23
【支持雷老师】
雷震山河天地响，
老生常谈皆乱唱。
威名随风震寰宇，
武者运力莫彷徨。"